Serial,name,Density,PLD,LCD,GSA,Void_Fraction,Pore_Volume,UnitCell_MW_g_mol,score_svr
23,2017[Ag][nan]2[ION]1,1.16268,12.60572,15.22274,4120.67,0.58414,0.50241,4996.144,0.46323641
24,2017[Ag][nan]2[ION]2,1.07134,12.4101,15.0451,4092.47,0.61478,0.573842,4399.468,0.459736629
25,2017[Ag][nan]2[ION]3,1.14369,12.49997,15.09274,4147.83,0.58488,0.511397,4667.788,0.45970282
42,2018[Zn][nan]2[ION]1,0.898567,13.2849,13.76472,5006.85,0.60524,0.673562,4387.196,0.402087845
11,2015[Zn][hww]3[ION]1,0.860339,8.30648,9.45178,4054.92,0.6893,0.801196,3888.4,0.397485515
96,2023[Cu][pts]3[ION]1,0.604281,7.54284,10.0776,5081.72,0.73194,1.21126,1990.048,0.396564024
12,2015[Zn][hww]3[ION]2,0.861385,8.41653,8.93966,4111.98,0.68134,0.790982,3988.52,0.393879788
16,2015[Zn][hwx]3[ION]1,0.841511,8.50309,8.98014,4147.28,0.69634,0.827487,3796.344,0.392282489
14,2015[Zn][hww]3[ION]4,0.708452,10.97379,12.38306,4108.57,0.74206,1.04744,4332.72,0.379768235
93,2022[Zn][nan]3[ION]1,1.26974,7.97967,8.99955,3848.69,0.57916,0.456123,1591.852,0.379096627
15,2015[Zn][hww]3[ION]5,0.68985,11.81293,12.33521,4173.96,0.74628,1.0818,4384.796,0.374936531
90,2022[CuSi][ith]3[ION]1,0.993357,2.63507,11.42007,4324.67,0.61038,0.614462,3051.516,0.373888904
13,2015[Zn][hww]3[ION]3,0.722395,5.323,7.27167,4109.5,0.74062,1.02523,4232.6,0.369634489
92,2022[Zn][hcb]2[ION]1,0.833075,5.92533,8.66654,5483.34,0.63584,0.763245,3221.856,0.361156728
32,2017[Zn][nan]3[ION]2,1.08273,7.34383,8.29053,4182.1,0.59972,0.553896,2795.468,0.36100415
65,2019[Tb][she]3[ION]1,0.595012,8.51123,20.86689,3810.29,0.79738,1.34011,14806.32,0.345544323
97,2023[GaNi][cds]3[ION]1,0.854661,5.11275,7.93398,4801.3,0.62918,0.736175,8470.52,0.342365502
2,2013[ZnTi][pcu]3[ION]1,1.17477,5.81049,7.21479,3801.77,0.5882,0.500695,3366.312,0.335982388
100,2024[Cd][hcb]2[ION]1,0.932106,3.675,6.53373,5102.82,0.63438,0.680588,1850.98,0.329439517
1,2009[Zn][sql]2[ION]1,0.883366,4.40897,7.92601,5260.41,0.60494,0.684813,1683.308,0.327961587
94,2023[Cu][nan]2[ION]1,1.0438,4.10224,5.25293,4611.7,0.60834,0.582813,1290.314,0.296656867
50,2019[Eu][flu]3[ION]1,1.24605,6.32609,7.02294,4115.42,0.54276,0.435584,1746.726,0.29138433
19,2016[Cd][sql]2[ION]1,1.05556,6.38575,6.62436,5112.27,0.5511,0.522093,4122.024,0.288219839
60,2019[Sm][flu]3[ION]1,1.25972,6.14509,7.08004,4104.57,0.53942,0.428205,1442.798,0.287484354
75,2020[Cu][sql]2[ION]1,1.01354,4.27647,5.50048,5376.98,0.55228,0.544902,2292.1,0.282846712
57,2019[Nd][flu]3[ION]1,1.23327,5.74228,6.78156,4152.28,0.54546,0.442289,1442.798,0.282213648
54,2019[La][flu]3[ION]2,1.21661,5.73178,6.80311,4242.26,0.54042,0.4442,1720.608,0.275434515
76,2020[Eu][sqc]3[ION]1,1.2182,5.63298,6.46853,4203.17,0.53282,0.437382,1578.854,0.262656117
69,2019[Yb][bnn]3[ION]1,1.23728,4.11071,7.28168,4225.34,0.53556,0.432854,1421.306,0.262036786
22,2016[Zn][rtl]3[ION]2,1.21892,4.39138,5.77793,4201.96,0.55664,0.456667,1162.144,0.261684474
41,2018[ZnMo][qtz]3[ION]2,2.07929,3.78303,6.0504,2445.48,0.50178,0.241323,3986.976,0.256587737
40,2018[ZnMo][qtz]3[ION]1,2.07929,3.78303,6.0504,2445.48,0.50178,0.241323,3986.976,0.256587737
95,2023[Cu][nan]3[ION]1,1.33418,5.82271,7.578,4134.28,0.50208,0.376322,4635.896,0.255605062
45,2019[Cd][kgd]2[ION]1,1.11013,3.07644,5.12863,5595.39,0.47766,0.430274,1238.666,0.255572952
71,2019[Zn][sit]3[ION]1,1.09663,3.70289,7.87211,5004.82,0.51538,0.469969,4383.164,0.251346221
66,2019[Tb][sqc]3[ION]1,1.37367,6.34532,7.1858,4141.68,0.49496,0.360319,1898.964,0.247992459
29,2017[Cu][nan]3[ION]2,1.26116,3.65185,6.70815,4244.65,0.5359,0.424928,2625.772,0.247697224
52,2019[Gd][flu]3[ION]1,1.36471,6.29624,7.14157,4166.93,0.49646,0.363785,1581.114,0.247372681
80,2020[Zn][nan]3[ION]1,1.25167,3.23344,6.85541,4319.23,0.53656,0.428677,5502.82,0.245831858
21,2016[LiZn][pts]3[ION]1,1.09871,3.31583,6.33559,4555.34,0.53756,0.489265,2042.752,0.239686526
47,2019[Cd][pyr]3[ION]1,1.13146,3.39274,4.41706,4650.28,0.55804,0.493205,3455.648,0.237724854
46,2019[Cd][nan]3[ION]1,1.11449,2.8827,6.65528,4817.89,0.52926,0.474891,6048.156,0.237099084
4,2014[Co][gfy]3[ION]2,1.14711,5.88003,6.823,4491.79,0.49738,0.433593,2426.798,0.233903228
5,2014[Mn][gfy]3[ION]1,1.11312,4.81926,6.67567,4648.9,0.51028,0.458424,2410.818,0.232735106
10,2015[Zn][bcu]3[ION]1,1.30118,3.98094,5.55143,4194.84,0.53354,0.410043,1717.082,0.230039362
70,2019[Yb][sqc]3[ION]1,1.42531,5.45574,6.45783,3891.2,0.4933,0.3461,1442.798,0.226667353
7,2014[Ni][gfy]3[ION]2,1.17051,5.84937,6.69444,4483.06,0.48984,0.418486,2425.838,0.224703525
91,2022[Cu][nan]3[ION]1,1.32211,5.77518,7.28951,4239,0.4773,0.361014,5386.068,0.223448328
74,2020[CoNa][ant]3[ION]1,1.08153,5.14066,6.01429,4628.53,0.50526,0.467172,1699.062,0.222915299
3,2014[Co][gfy]3[ION]1,1.17885,5.79486,6.7589,4442.99,0.48416,0.410704,2479.906,0.219940664
28,2017[Co][hcb]2[ION]1,1.16353,3.84394,5.2661,5282.89,0.46822,0.402415,2243.588,0.217205072
63,2019[Tb][nan]3[ION]1,1.37658,4.77042,6.75261,4165.15,0.49246,0.357741,3797.928,0.216926467
62,2019[Sm][nan]3[ION]1,1.356,4.9044,6.12021,4222.57,0.49604,0.36581,3162.228,0.210420308
51,2019[Eu][nan]3[ION]1,1.37039,4.628,6.57446,4212.12,0.49124,0.358467,3770.084,0.210131226
59,2019[Nd][nan]3[ION]1,1.34004,4.88816,5.95562,4286.3,0.49542,0.369706,3162.228,0.206460712
8,2014[Zn][sql]2[ION]1,1.25044,3.65443,4.74826,4903.44,0.50692,0.405394,1301.384,0.205833786
6,2014[Ni][gfy]3[ION]1,1.20276,5.45199,6.55588,4452.04,0.47682,0.396439,2478.946,0.205818765
26,2017[Cd][fsc]3[ION]1,1.1853,3.64767,5.51297,4707.41,0.5069,0.427656,1640.17,0.205131833
61,2019[Sm][hcb]2[ION]1,1.33081,4.23122,6.24487,4487.29,0.4965,0.37308,1824.768,0.20496927
77,2020[Mn][sra]3[ION]1,1.15951,2.05791,5.29393,4611.55,0.52396,0.451882,1232.592,0.204318202
55,2019[Nd][bnn]3[ION]1,1.35217,5.07666,6.25154,4398.54,0.48456,0.358358,1755.46,0.202572026
88,2022[Cd][nuc]3[ION]2,1.19791,3.86973,5.55709,4926.07,0.48778,0.407192,3971.04,0.201744792
72,2020[Bi][sql]2[ION]1,1.35277,2.93247,4.40452,3947.53,0.52716,0.389689,1897.78,0.195702533
58,2019[Nd][kgd]2[ION]1,1.36667,4.40611,5.94152,4293.97,0.4871,0.356413,1560.886,0.192090142
98,2023[Sr][nan]3[ION]1,1.20387,3.88665,5.64312,4585.69,0.48604,0.40373,3639.632,0.186057694
44,2018[Zn][sql]2[ION]2,1.20942,3.59451,4.39487,4966.64,0.4767,0.394155,1676.168,0.183491183
87,2022[Cd][nuc]3[ION]1,1.21864,3.93851,4.60559,4846.63,0.48246,0.395902,3971.04,0.183455211
43,2018[Zn][sql]2[ION]1,1.23473,3.54487,4.41385,4904.14,0.4781,0.387211,1769.984,0.179129576
73,2020[CdNa][nan]3[ION]1,1.25735,4.07425,5.3549,4657.91,0.47692,0.379307,4827.268,0.178099663
89,2022[CoPtPd][srs]3[ION]1,1.75347,3.35571,4.52201,3416.13,0.498,0.284008,4098.592,0.177047141
31,2017[Zn][dmp]3[ION]1,1.33824,3.68545,4.88759,4993.93,0.44646,0.333618,1638.844,0.169645113
79,2020[UEu][nan]3[ION]1,2.73059,2.44956,5.76815,2569.7,0.38354,0.14046,2981,0.164473905
18,2016[Cd][nan]3[ION]1,1.42034,3.36582,5.02698,4154.68,0.47404,0.333752,4375.196,0.151575533
82,2021[AlAg][fet]2[ION]2,1.28949,2.14799,4.41813,4884.46,0.454,0.352077,3053.312,0.150503475
81,2021[AlAg][fet]2[ION]1,1.29288,2.15864,4.35734,4872.14,0.45344,0.35072,3053.312,0.148450668
64,2019[Tb][nan]3[ION]2,1.40174,3.60263,4.85068,4073.66,0.46494,0.331688,2601.604,0.141964025
84,2021[CrAg][fet]2[ION]1,1.31828,2.18451,4.37813,4776.07,0.45484,0.345025,3261.296,0.141272993
49,2019[Dy][nan]3[ION]1,1.41409,3.59862,4.84214,4041.31,0.4642,0.328267,1965.904,0.140946188
85,2021[FeAg][fet]2[ION]1,1.3244,2.16923,4.38625,4766.31,0.45396,0.342767,3276.692,0.139778887
86,2021[GaAg][fet]2[ION]1,1.35784,2.12888,4.38984,4674.03,0.45154,0.332544,3053.312,0.130486277
83,2021[CoAg][fet]2[ION]1,1.34817,2.16359,4.35985,4684.97,0.4498,0.333636,3289.044,0.129901828
53,2019[La][flu]3[ION]1,1.42679,3.58536,5.51696,4686.92,0.41434,0.290399,1773.016,0.129707455
67,2019[YK][nan]3[ION]1,1.66843,3.69279,4.85328,2860.99,0.38562,0.231128,17802.976,0.128969296
35,2018[Co][bnn]3[ION]2,1.34881,2.66579,4.93164,4705.84,0.42634,0.316085,2429.78,0.124621973
68,2019[Y][sqc]3[ION]1,1.40393,3.6031,5.51268,4710.61,0.39856,0.28389,1495.206,0.122941648
9,2015[Ca][sql]2[ION]1,1.42442,3.0375,3.5958,4967.37,0.38408,0.269639,610.498,0.122301876
33,2018[Cd][sql]2[ION]1,1.41909,2.41367,4.31875,4725.8,0.43066,0.303477,2498.3,0.120421467
17,2015[Zn][nan]3[ION]1,1.5329,3.02661,6.05008,4227.59,0.41714,0.272126,1332.354,0.113707696
56,2019[Nd][fit]3[ION]1,1.52003,3.4245,4.90619,4024.47,0.43732,0.287704,1488.826,0.11357259
34,2018[Co][bnn]3[ION]1,1.39663,2.56216,4.84281,4567.47,0.42654,0.305407,2511.44,0.112895184
48,2019[Cu][sql]2[ION]1,1.44613,2.94298,4.75381,4550.02,0.40488,0.279975,1360.082,0.099557041
78,2020[ReAg][pts]3[ION]1,1.87154,2.2934,4.48602,3523.71,0.4365,0.23323,812.724,0.099557021
36,2018[Dy][kgd]2[ION]1,1.72972,2.5891,4.23845,3559.54,0.42908,0.248063,673.402,0.090720951
39,2018[Tb][kgd]2[ION]1,1.72,2.70519,3.97658,3564,0.43284,0.251651,987.22,0.090531167
30,2017[In][kgd]2[ION]1,1.49968,3.11886,4.87876,4467.34,0.38342,0.255668,4874.364,0.085558476
38,2018[Gd][kgd]2[ION]1,1.73173,2.5676,3.93796,3582.16,0.42522,0.245547,673.402,0.081345569
37,2018[Eu][kgd]2[ION]1,1.71498,2.51968,3.52558,3674.37,0.42454,0.247549,977.33,0.071386351
99,2023[U][hcb]2[ION]1,1.95256,2.21966,3.34285,3594.96,0.41178,0.210893,1409.184,0.056926967
27,2017[Cd][nan]3[ION]1,1.76482,2.2889,3.73654,4102.06,0.37634,0.213246,3473.756,0.041876344
20,2016[La][sql]2[ION]1,2.14744,2.63172,3.24922,3303.47,0.3395,0.158095,1014.836,0.040224492
