name,UnitCell_MW_g_mol,Density_g_cm3,PLD_A,LCD_A,GSA_m2_g,VoidFraction,PoreVolume_cm3_g
2004[Cu][mog]3[FSR]2,5687.616,1.38697,2.64467,4.89477,4487.13,0.45116,0.325285
2006[V][rna]3[FSR]1,1695.58,1.46805,2.79583,5.42081,3393.95,0.53374,0.36357
2007[CuEu][nan]3[FSR]1,1943.82,2.03259,3.85822,4.40951,3183.68,0.36164,0.177921
2007[In][ctn]3[FSR]1,4691.688,0.921299,5.48176,6.56544,3400.11,0.7015,0.761425
2007[Zn][nan]3[FSR]1,3848.432,1.26993,2.40607,4.69949,4035.17,0.54868,0.432056
2007[Zn][nan]3[FSR]2,3848.432,1.2255,3.08135,4.95649,4100.56,0.56162,0.458277
2007[Zn][pcu]3[FSR]3,1539.734,0.595037,8.20898,15.04033,3622.94,0.81102,1.36298
2007[Zn][srs]3[FSR]10,12657.888,1.23149,6.75539,8.59914,3285.95,0.66224,0.537756
2007[Zn][srs]3[FSR]11,12657.888,1.23146,6.77259,8.60968,3273.44,0.66574,0.540609
2007[Zn][srs]3[FSR]12,12657.888,1.22695,7.15145,8.64577,3281.53,0.6664,0.543135
2007[Zn][srs]3[FSR]13,12657.888,1.21042,6.8958,8.47518,3292.62,0.66746,0.551427
2007[Zn][srs]3[FSR]14,12657.888,1.20596,7.09618,8.73075,3290.39,0.66912,0.554843
2007[Zn][srs]3[FSR]15,12657.888,1.23467,7.01593,8.40821,3269.23,0.66678,0.540048
2007[Zn][srs]3[FSR]16,12657.888,1.22175,7.06521,8.38192,3280.51,0.66756,0.546398
2007[Zn][srs]3[FSR]9,12657.888,1.22499,7.83619,8.53797,3284.99,0.66516,0.542994
2008[Cd][nbo]3[FSR]1,5066.928,0.998925,9.46658,11.28354,4536.83,0.59102,0.591656
2008[Co][sql]2[FSR]1,2113.08,1.5197,2.42717,4.78145,4255.89,0.39452,0.259603
2008[Cu][pcu]3[FSR]1,2831.4,1.27729,1.99329,5.16617,4294.8,0.50322,0.393976
2008[Cu][sql]2[FSR]1,743.624,1.16297,2.67836,4.08026,4774.1,0.5474,0.470693
2009[Zn][nan]3[FSR]3,1586.828,1.24197,4.87553,5.09137,4838.78,0.47878,0.385499
2009[Zn][pcu]3[FSR]2,3819.376,1.46944,2.85127,6.3573,3484.21,0.57726,0.392844
2010[Cr][bpq]3[FSR]1,464.222,1.02131,7.08769,7.24753,3608.33,0.62486,0.611822
2010[Fe][bpq]3[FSR]1,943.84,1.56689,2.7165,2.85375,3562.94,0.43346,0.276637
2010[Ga][ctn]3[FSR]2,1656.936,0.866561,5.32936,5.69531,3920.29,0.68364,0.788912
2010[Zn][pts]3[FSR]1,1182.032,1.25542,3.16837,3.79393,4379.3,0.55184,0.439567
2011[Cu][pcu]3[FSR]1,1599.396,0.867522,5.81934,7.01913,4483.41,0.6451,0.743613
2011[V][sra]3[FSR]2,871.9,1.52609,2.60698,4.08067,3545.5,0.49462,0.32411
2011[Zn][pcu]3[FSR]8,1515.542,0.599586,7.88905,14.89039,3545.4,0.81144,1.35333
2011[Zn][rob]3[FSR]2,3197.496,1.2762,2.91819,4.62786,4561.49,0.479,0.375332
2011[Zn][sod]3[FSR]2,1365.456,0.924167,3.46146,11.81446,4856.22,0.64066,0.693229
2012[Cd][uoc]3[FSR]1,4695.064,1.1024,5.2147,6.11629,4886.35,0.5466,0.495829
2012[Co][dia]3[FSR]3,958.826,1.22723,3.40774,4.26728,5065.03,0.44708,0.364299
2012[Co][sqp]3[FSR]2,2152.784,1.47192,3.85484,5.16079,3911.05,0.43964,0.298685
2012[Zn][acs]3[FSR]4,400.862,1.76481,2.40897,2.9024,3817.1,0.43124,0.244355
2012[Zn][acs]3[FSR]5,400.862,1.77399,2.3898,2.87955,3805.85,0.4288,0.241715
2012[Zn][acs]3[FSR]6,400.862,1.7796,2.37503,2.8652,3797.21,0.42738,0.240155
2012[Zn][bcs]3[FSR]1,5274.76,1.0177,3.47534,5.57526,4341.29,0.58564,0.575452
2012[Zn][nan]3[FSR]7,1809.762,1.07305,9.95646,10.1321,4641.45,0.55894,0.520887
2012[Zn][nia]3[FSR]1,1618.824,1.15816,6.51869,7.44079,4421.04,0.51912,0.448227
2012[Zn][sql]2[FSR]1,845.442,1.20165,3.47467,4.33768,4454.25,0.50302,0.418606
2013[Cd][nan]3[FSR]5,2900.576,1.47629,3.87313,5.4831,4304.7,0.43814,0.296784
2013[Ce][kgd]2[FSR]1,632.484,1.61633,2.19414,3.9258,3709.43,0.44284,0.273978
2013[CrZn][lon]3[FSR]1,4659.156,0.692894,8.85366,12.33458,3951.1,0.74782,1.07927
2013[Cu][sqc]2[FSR]1,5127.784,1.93246,3.30833,4.41502,3653.69,0.37534,0.194229
2013[La][nan]3[FSR]2,6211.888,1.01589,4.84052,7.71573,4361.96,0.59146,0.582207
2013[Mn][nan]3[FSR]2,2096.44,1.09749,3.80539,4.57307,3803.64,0.59176,0.539193
2013[Nd][kgd]2[FSR]1,632.484,1.64278,2.24876,3.86166,3617.3,0.44132,0.268643
2013[Sm][kgd]2[FSR]1,632.484,1.68725,2.25691,3.81045,3509.69,0.43718,0.259108
2013[Y][nan]3[FSR]1,2550.324,0.891127,5.02868,7.35584,4613.43,0.61772,0.693189
2013[ZnMn][nan]3[FSR]1,1058.456,0.817121,5.01687,8.38928,4142.49,0.6774,0.829009
2013[Zn][nan]3[FSR]2,1964.216,1.38751,3.54033,5.86369,3805.67,0.52702,0.379831
2013[Zn][nan]3[FSR]3,2212.484,1.26745,3.26241,4.56202,4230.97,0.53402,0.421336
2013[Zn][nan]3[FSR]8,3726.24,1.12902,6.07675,7.43364,3500.78,0.64186,0.568511
2013[Zn][nan]3[FSR]9,28518.984,0.396669,19.56277,24.50866,4135.4,0.85256,2.1493
2013[Zn][pcu]3[FSR]3,5018.208,0.928568,5.55694,7.27195,4532.83,0.62282,0.670732
2014[Ag][ths]3[FSR]1,1765.596,1.11065,4.37971,6.03937,4466.42,0.56394,0.507757
2014[Cd][rtl]3[FSR]1,3486.04,1.02287,3.15001,7.73666,5020.67,0.55076,0.538447
2014[Co][ant]3[FSR]1,3076.912,0.952419,4.67589,7.47916,3662.7,0.64218,0.674262
2014[Co][dmc]3[FSR]1,1048.456,1.18083,3.3044,4.59157,3966.1,0.53778,0.455426
2014[Co][nan]2[FSR]2,2434.496,1.16449,4.60055,5.4591,5342.2,0.46054,0.395488
2014[Co][nan]3[FSR]10,3593.344,1.4088,2.20537,4.52036,3787.93,0.47394,0.336413
2014[Co][sql]2[FSR]1,3475.478,1.32509,4.32552,5.40194,4030.19,0.49064,0.370268
2014[CuNd][nan]3[FSR]1,9123.168,1.63403,5.73185,6.32079,3730.58,0.40214,0.246103
2014[Cu][dia]3[FSR]2,1759.512,1.31892,4.18951,4.54582,4574.02,0.46508,0.352623
2014[Cu][dia]3[FSR]3,1759.512,1.31666,4.23828,4.69752,4551.6,0.46322,0.351816
2014[Cu][dia]3[FSR]4,1759.512,1.30126,4.32975,4.76997,4548.37,0.47616,0.365923
2014[Cu][dia]3[FSR]5,1759.512,1.30952,4.25475,4.69509,4548.61,0.47146,0.360024
2014[Cu][dia]3[FSR]6,1759.512,1.33735,4.04987,4.48731,4566.36,0.46012,0.344053
2014[Cu][dia]3[FSR]7,1759.512,1.30838,4.26443,4.68994,4544.2,0.47202,0.360767
2014[Cu][sql]2[FSR]1,2912.544,1.2714,3.36659,4.31534,4761.46,0.45742,0.359777
2014[Cu][tbo]3[FSR]1,2419.488,0.886331,6.79616,13.28651,3290.87,0.72228,0.81491
2014[FeAu][nan]3[FSR]1,1104.423,1.96131,3.53951,4.40815,2627.81,0.53286,0.271686
2014[In][nan]3[FSR]1,11930.448,1.05655,4.80255,7.0626,3833.03,0.62272,0.589389
2014[Mn][nan]3[FSR]5,3561.384,1.38601,2.31075,4.54087,3845.15,0.47494,0.342667
2014[Ni][gra]3[FSR]1,2909.624,1.07407,3.21461,5.21245,5099.4,0.50596,0.471069
2014[Zn][nan]2[FSR]2,4139.18,0.870248,11.37417,11.94829,4934.86,0.61394,0.705477
2014[Zn][nan]3[FSR]2,1762.96,1.15822,3.34242,4.47172,4767.63,0.5109,0.441108
2014[Zn][nan]3[FSR]3,2950.296,0.834367,4.84913,10.39542,4406.58,0.66286,0.794447
2014[Zn][pcu]3[FSR]10,1215.47,0.995074,5.19047,10.8089,3103.56,0.7319,0.735523
2014[Zn][sql]2[FSR]1,1807.2,0.882708,3.76979,5.08449,5124.48,0.6258,0.708955
2014[Zn][unj]3[FSR]1,2199.384,1.12072,8.40327,8.61999,4386.07,0.5875,0.524217
2015[Ag][nan]2[FSR]1,968.572,2.71981,2.27603,2.92976,2694.34,0.26552,0.0976244
2015[Cd][nan]2[FSR]1,1738.804,1.71512,3.76343,5.93837,3838.09,0.40694,0.237267
2015[Cd][nan]3[FSR]1,953.55,1.70185,3.18274,4.36726,3366.68,0.49366,0.290073
2015[Cd][nan]3[FSR]2,1635,1.99798,2.94653,4.60502,3038.78,0.45906,0.229762
2015[Cd][sql]2[FSR]1,4766.664,1.18706,3.82097,5.02611,5262.16,0.46626,0.392786
2015[Cd][sql]2[FSR]2,4766.664,1.17744,4.01813,4.94535,5258.36,0.47062,0.399699
2015[Cd][sql]2[FSR]3,4766.664,1.18313,3.93785,4.97686,5247.58,0.46838,0.395882
2015[Cd][sql]2[FSR]4,993.716,1.20254,2.65562,5.10519,4978.84,0.51332,0.426862
2015[Cd][sql]2[FSR]5,1939.18,1.24403,3.92289,5.91589,4727.35,0.51024,0.410149
2015[CoCe][nan]3[FSR]1,3142.012,1.03321,5.06278,7.51768,3792.75,0.6125,0.592811
2015[CoDy][hcb]2[FSR]1,608.29,1.45701,6.24338,7.122,3431.28,0.51686,0.354741
2015[CoPr][nan]3[FSR]1,3142.012,1.04456,5.01053,7.73894,3709.61,0.61372,0.587539
2015[Co][fsc]3[FSR]1,1305.851,1.41496,2.81647,3.79189,4346.87,0.4026,0.284532
2015[Co][hcb]2[FSR]1,2769.96,1.22138,2.51218,5.49221,4937.3,0.4541,0.371794
2015[Co][nan]2[FSR]1,1413.473,1.68576,3.13371,4.43953,3866.9,0.35318,0.209508
2015[Co][nan]3[FSR]2,2826.946,1.66111,2.33979,3.92607,3827.19,0.3653,0.219913
2015[Co][nan]3[FSR]3,793.305,1.40338,3.70243,5.36306,3682.89,0.47166,0.336088
2015[Co][pcu]3[FSR]1,2397.314,1.55778,2.61134,4.71,4220.58,0.37364,0.239854
2015[Co][sql]2[FSR]1,2457.932,1.20751,5.90955,7.28209,4719.22,0.46792,0.387507
2015[CrMn][noa]3[FSR]1,3092.04,0.647505,7.2018,10.19941,3520.94,0.78704,1.2155
2015[CrMn][nod]3[FSR]1,5935.808,0.738263,7.52711,9.02632,3237.31,0.76416,1.03508
2015[Cu][hex]3[FSR]1,3841.236,1.24166,4.98552,6.74324,4262.59,0.52292,0.421145
2015[Cu][nan]3[FSR]1,4852.4,1.52436,5.56851,6.5922,3552.36,0.5336,0.350048
2015[Cu][nan]3[FSR]2,2426.2,1.95712,2.94194,3.459,3480.09,0.40166,0.205231
2015[Cu][nan]3[FSR]3,11742.732,0.834663,10.84307,15.30883,3778.72,0.72274,0.865906
2015[Cu][pcu]2[FSR]1,555.942,1.27215,3.12754,3.74076,4663.95,0.4988,0.392092
2015[Cu][pcu]3[FSR]2,2159.308,1.45756,2.86601,4.16009,4159.03,0.47252,0.324185
2015[Cu][sql]2[FSR]1,6201.888,0.859717,5.73094,7.78812,5217.37,0.5991,0.696857
2015[Dy][nan]3[FSR]1,3146.616,1.36341,4.27209,6.90745,3643.22,0.52634,0.386046
2015[Dy][nan]3[FSR]2,6585.612,1.51269,2.6913,5.2193,3737.24,0.47114,0.311459
2015[ErCo][hcb]2[FSR]1,608.29,1.49066,6.09613,6.8217,3367.22,0.50744,0.340413
2015[Eu][nan]3[FSR]1,4472.488,1.47918,3.09645,5.44454,3793.26,0.4683,0.316593
2015[Eu][nan]3[FSR]2,1472.586,1.51353,4.46453,7.46222,3258.38,0.50414,0.333088
2015[Gd][nan]3[FSR]1,3256.776,1.47342,3.55327,5.378,3766.63,0.47534,0.322609
2015[HoCo][hcb]2[FSR]1,773.22,1.48237,6.07565,7.11092,3408.49,0.50674,0.341844
2015[Mn][sql]2[FSR]1,6133.024,0.847701,5.77983,7.62243,5082.14,0.60038,0.708245
2015[Nd][nan]3[FSR]1,3256.776,1.41828,3.4102,5.58049,3890.2,0.4827,0.340342
2015[Ni][nia]3[FSR]1,1993.524,0.894333,4.62814,8.80663,4115.11,0.6496,0.726351
2015[Pb][nan]3[FSR]1,2305.784,1.73774,3.53699,4.53303,3030.23,0.50502,0.290618
2015[Pr][hcb]2[FSR]1,3551.572,1.54107,2.32829,4.47729,4276.55,0.39728,0.257795
2015[Sm][nan]3[FSR]1,3256.776,1.4655,3.45156,5.40593,3804.91,0.47248,0.322401
2015[Sm][sql]2[FSR]1,942.342,1.70347,2.67053,5.04136,3093.5,0.49892,0.292884
2015[Tb][nan]3[FSR]1,4418.016,1.36548,4.21676,6.2336,3692.05,0.52254,0.382679
2015[Th][fcu]3[FSR]1,1208.682,1.63118,4.36106,7.97544,2302.29,0.61312,0.375876
2015[Th][nan]3[FSR]2,656.464,2.12456,2.34591,3.02154,2885.5,0.39848,0.187559
2015[TmCo][hcb]2[FSR]1,608.29,1.499,6.03424,6.79596,3353.96,0.50948,0.339881
2015[V][bpq]3[FSR]1,1856.52,1.03024,6.38971,6.69555,3679.67,0.61694,0.598832
2015[Zn][acs]3[FSR]1,801.724,1.66069,3.13994,3.44023,4000.38,0.46322,0.278932
2015[Zn][bey]2[FSR]1,2139.5,1.40778,3.42744,4.97664,4769.43,0.40546,0.288015
2015[Zn][dia]3[FSR]3,1742.98,1.3408,5.14827,6.32905,5097.62,0.43286,0.322837
2015[Zn][hea]3[FSR]1,8764.062,0.548186,9.36857,12.05221,4386.98,0.78344,1.42915
2015[Zn][ith]3[FSR]1,7322.952,0.452533,7.80283,21.77624,4266.82,0.82664,1.8267
2015[Zn][ith]3[FSR]2,7996.248,0.494223,7.31618,19.49225,4512.36,0.79858,1.61583
2015[Zn][ith]3[FSR]3,8669.544,0.540663,5.79323,16.40548,4796.84,0.76748,1.41952
2015[Zn][ith]3[FSR]4,8669.544,0.543377,5.88107,16.7062,4787.53,0.76682,1.41121
2015[Zn][ith]3[FSR]5,8669.544,0.543673,5.96446,16.25601,4782.04,0.76948,1.41534
2015[Zn][kgd]2[FSR]1,1566.824,1.19117,3.68797,5.66795,4469.26,0.5318,0.446453
2015[Zn][nan]2[FSR]1,1677.396,1.69475,4.13385,4.81229,3988.96,0.3997,0.235846
2015[Zn][nan]2[FSR]2,1677.396,1.66435,4.27733,5.02343,3972.5,0.40976,0.246198
2015[Zn][nan]3[FSR]6,6341.832,0.681965,14.81673,16.80153,4350.36,0.72924,1.06932
2015[Zn][pcu]3[FSR]1,1624.896,1.07923,4.43693,5.33411,4038.06,0.629,0.582825
2015[Zn][pcu]3[FSR]5,3992.644,0.665684,8.93222,10.17492,4138.6,0.75592,1.13555
2015[Zn][pcu]3[FSR]6,1998.338,0.663582,9.14814,10.96002,4113.81,0.75794,1.1422
2015[Zn][sod]3[FSR]1,1365.456,0.933117,3.55331,11.72398,4980.85,0.63214,0.67745
2015[Zn][sql]2[FSR]1,1083.664,0.958222,4.90468,6.21817,4842.15,0.59266,0.618499
2015[Zn][sql]2[FSR]2,1083.664,0.958171,4.82447,6.21847,4848.56,0.59832,0.62444
2015[Zn][sql]2[FSR]3,3421.068,0.996522,5.37104,7.42441,5136.18,0.53788,0.539757
2015[Zn][sql]2[FSR]4,1600.374,0.87656,6.41902,8.44507,5113.5,0.59174,0.675071
2015[Zn][sql]2[FSR]5,553.84,1.08137,3.2986,4.88297,4916.29,0.53636,0.495998
2015[Zr][fcu]3[FSR]1,1664.064,1.22102,4.07165,8.57883,2977.42,0.59756,0.489392
2016[Ag][nan]3[FSR]1,2071.866,1.89554,4.61648,5.32854,3598.88,0.37684,0.198804
2016[Ag][nan]3[FSR]2,2071.866,1.86031,4.67365,5.5038,3626.31,0.39064,0.209987
2016[Cd][nan]2[FSR]1,2263.558,1.20577,5.69086,6.98842,4625.23,0.5047,0.418572
2016[Cd][nan]2[FSR]2,2319.666,1.23484,4.7304,6.80101,4708.34,0.48666,0.394108
2016[Cd][nan]3[FSR]29,5637.456,1.35541,4.37124,5.51203,3853.81,0.5187,0.382689
2016[Cd][nan]3[FSR]6,6634.072,0.754034,6.46187,10.7636,4292.24,0.70112,0.929826
2016[Cd][nan]3[FSR]7,4230.968,1.32728,2.56721,3.94565,4915.08,0.44674,0.336583
2016[Cd][nan]3[FSR]8,4206.776,1.28531,2.96877,4.4814,4874.42,0.47776,0.371707
2016[Co][ant]3[FSR]1,4526.788,1.28729,2.77532,5.46765,4501.44,0.45718,0.355148
2016[Co][nan]3[FSR]2,2996.15,0.705297,8.33335,9.5622,4551.42,0.68924,0.977234
2016[Co][nan]3[FSR]24,5007.78,1.22672,4.15849,5.51068,4070.23,0.50968,0.415482
2016[Co][pts]3[FSR]5,1212.548,0.781607,9.55684,9.75298,3881.48,0.70016,0.895796
2016[Co][pts]3[FSR]6,1068.628,0.699735,9.57091,10.32145,4201.59,0.71124,1.01644
2016[Co][pts]3[FSR]7,1068.628,0.70214,9.56631,10.27952,4198.99,0.7111,1.01276
2016[Co][pts]3[FSR]8,590.422,1.28355,3.40775,4.15657,4525.17,0.42918,0.334369
2016[Co][pts]3[FSR]9,606.274,0.846693,8.06979,9.28335,3971.42,0.67282,0.794644
2016[Co][sql]2[FSR]1,735.749,0.606579,7.62721,7.94229,5354.17,0.71274,1.17502
2016[Co][sql]2[FSR]10,353.24,1.31051,3.47625,4.4854,4434.59,0.44252,0.33767
2016[Co][sql]2[FSR]11,353.24,1.28008,3.80872,4.42497,4418.69,0.45366,0.3544
2016[Co][sql]2[FSR]12,353.24,1.28977,3.81534,4.43028,4358.06,0.45344,0.351568
2016[Co][sql]2[FSR]13,353.24,1.31587,3.75144,4.57518,4292.35,0.44388,0.337327
2016[Co][sql]2[FSR]14,353.24,1.27615,3.81318,5.0117,4419.83,0.45978,0.360288
2016[Co][sql]2[FSR]15,353.24,1.31233,3.77985,4.61629,4320.88,0.44372,0.338116
2016[Co][sql]2[FSR]16,353.24,1.33652,3.46952,4.66991,4234.01,0.43342,0.32429
2016[Co][sql]2[FSR]17,353.24,1.34724,3.56419,4.30982,4195.77,0.43774,0.324916
2016[Co][sql]2[FSR]18,353.24,1.37932,3.39461,4.34865,4232.05,0.41982,0.304367
2016[Co][sql]2[FSR]19,353.24,1.40096,3.2418,4.26185,4231.59,0.4082,0.291371
2016[Co][sql]2[FSR]2,3615.124,1.09551,5.08558,6.03641,5111.41,0.48928,0.446624
2016[Co][sql]2[FSR]20,353.24,1.45323,3.19006,4.44001,3957.8,0.40044,0.275551
2016[Co][sql]2[FSR]21,353.24,1.27437,3.83048,5.01231,4393.72,0.45882,0.360036
2016[Co][sql]2[FSR]22,353.24,1.47413,2.95132,4.17733,3909.67,0.38638,0.262107
2016[Co][sql]2[FSR]23,353.24,1.49609,2.83454,3.89254,3926.5,0.37804,0.252685
2016[Co][sql]2[FSR]24,353.24,1.27477,3.83127,5.06943,4412.64,0.45808,0.359345
2016[Co][sql]2[FSR]25,353.24,1.28417,3.79072,4.53857,4455.65,0.45366,0.35327
2016[Co][sql]2[FSR]26,353.24,1.28891,3.70136,4.737,4465.68,0.45204,0.350716
2016[Co][sql]2[FSR]27,353.24,1.29077,3.70411,4.57164,4453.16,0.45104,0.349434
2016[Co][sql]2[FSR]28,353.24,1.2925,3.66873,4.53547,4447.53,0.44918,0.347528
2016[Co][sql]2[FSR]3,2413.9,1.26453,4.22634,4.57651,4773.71,0.4541,0.359106
2016[Co][sql]2[FSR]4,964.704,1.46846,3.14529,4.81235,4442.38,0.38376,0.261335
2016[Co][sql]2[FSR]5,2073.114,1.33409,3.193,4.18787,4564.09,0.44018,0.329948
2016[Co][sql]2[FSR]6,353.24,1.2724,3.82974,5.01845,4397.11,0.46088,0.362212
2016[Co][sql]2[FSR]7,353.24,1.2952,3.64386,4.65454,4450.03,0.44996,0.347405
2016[Co][sql]2[FSR]8,353.24,1.30174,3.56609,4.52454,4430.99,0.44634,0.34288
2016[Co][sql]2[FSR]9,353.24,1.30647,3.53303,4.5278,4437.73,0.44364,0.339571
2016[CuSi][sql]2[FSR]1,2621.056,1.63982,3.09268,4.36621,3630.79,0.48846,0.297874
2016[Cu][gra]2[FSR]1,1871.712,1.1527,5.84219,6.63865,4604.41,0.51624,0.447853
2016[Cu][hcb]2[FSR]1,1871.712,1.02508,6.44141,6.99619,4685.47,0.57072,0.556757
2016[Cu][nan]2[FSR]1,1708.286,1.74945,2.62588,3.52917,4245.93,0.35114,0.200715
2016[Cu][nan]3[FSR]3,8529.528,1.47307,6.46579,7.90968,3049.26,0.61026,0.414277
2016[Cu][nan]3[FSR]4,8529.528,1.39796,6.61688,9.02855,3060.99,0.631,0.451373
2016[Cu][nan]3[FSR]5,8529.528,1.40015,6.66192,9.05479,3068.11,0.62812,0.448608
2016[Cu][nbo]3[FSR]2,1944.054,1.02785,10.42827,11.38563,4650.66,0.5758,0.560199
2016[Cu][tfw]3[FSR]1,1098.914,1.46631,3.3151,4.54951,4236.21,0.4609,0.314327
2016[Eu][kgd]2[FSR]1,1058.506,1.5351,3.53945,4.15577,3739.85,0.4728,0.307993
2016[FeZn][nan]2[FSR]1,3475.948,1.14401,5.86263,6.8367,4574.91,0.51686,0.451798
2016[Fe][hcb]2[FSR]1,751.488,1.0999,3.95494,5.27197,3275.12,0.65084,0.591728
2016[Ga][nan]3[FSR]1,1440.92,1.21033,7.04653,7.15937,3229.22,0.59206,0.489172
2016[Ga][nan]3[FSR]2,720.46,1.23553,6.94469,7.05551,3177.03,0.58916,0.476848
2016[Ga][nan]3[FSR]3,1440.92,1.23349,6.97555,7.09041,3185.78,0.58724,0.476079
2016[Gd][kgd]2[FSR]1,754.578,1.56654,3.49831,4.60927,3644.69,0.4688,0.299258
2016[La][sql]2[FSR]1,2611.496,1.53268,2.49403,4.53008,4365.83,0.38558,0.251572
2016[Mg][hcb]2[FSR]1,625.328,0.937448,3.95253,5.23271,4083.13,0.65114,0.694588
2016[Mg][hcb]2[FSR]2,2139.784,1.27731,3.56495,4.81836,4897.15,0.44716,0.350079
2016[Mn][nan]3[FSR]1,2016.576,1.02928,11.0617,12.01682,2732.68,0.663,0.644141
2016[Mn][nan]3[FSR]2,4959.84,1.21326,4.13981,5.20719,4149.1,0.50384,0.415279
2016[Ni][nbo]3[FSR]1,3018.93,1.16211,5.80469,7.28288,4675.92,0.49792,0.428461
2016[Ni][neb]3[FSR]3,1676.236,1.21799,4.81606,6.00718,5139.21,0.46108,0.378559
2016[Ni][neb]3[FSR]4,1668.172,1.22408,5.71416,6.37447,5082.3,0.46474,0.379665
2016[Sm][kgd]2[FSR]1,754.578,1.52805,3.55732,4.53816,3771.48,0.473,0.309545
2016[Tb][fcu]3[FSR]1,2530.89,0.804274,6.94679,13.37735,3091.16,0.74496,0.926251
2016[Ti][srs]3[FSR]1,4658.352,0.748874,4.43359,6.24453,3742.73,0.72982,0.974556
2016[ZnCo][pcu]3[FSR]1,7312.148,0.64452,11.01743,13.54262,3401.69,0.7845,1.21719
2016[Zn][dia]3[FSR]1,3533.696,1.13028,4.26969,5.60587,4768.61,0.5414,0.478997
2016[Zn][fgl]3[FSR]1,1949.148,1.33966,8.63635,9.32756,2939.71,0.62718,0.468163
2016[Zn][kgd]2[FSR]1,2709.18,1.18629,2.68384,5.23122,4558.66,0.51864,0.437193
2016[Zn][nan]2[FSR]1,1398.524,1.55981,2.28398,3.76708,4473.14,0.39266,0.251735
2016[Zn][nan]2[FSR]2,5169.58,1.62126,3.12435,3.98891,4378.28,0.3824,0.235866
2016[Zn][nan]3[FSR]12,2778.676,1.10689,4.56374,6.15612,4834.01,0.52758,0.476635
2016[Zn][nan]3[FSR]13,9702.528,0.908716,5.03657,12.11623,3930.35,0.69672,0.766708
2016[Zn][nan]3[FSR]5,3758.448,0.951977,5.57065,6.92787,4963.67,0.58936,0.61909
2016[Zn][sql]2[FSR]1,5023.696,1.24339,3.29167,4.96746,5084.99,0.45204,0.363553
2016[Zr][buh]3[FSR]1,27325.632,0.389439,10.77877,18.84439,4186.97,0.8383,2.15259
2017[Ag][dia]3[FSR]1,4677.496,1.37041,3.54801,4.58322,4300.22,0.46848,0.341854
2017[Ag][sqc]2[FSR]1,1080.96,1.15952,7.16012,8.14975,3319.88,0.64632,0.557405
2017[Ag][sqc]3[FSR]1,2017.8,1.14094,8.15582,10.30618,3098.69,0.66166,0.579924
2017[Al][fon]3[FSR]1,4115.536,0.593343,8.07582,10.22463,4442.44,0.73968,1.24663
2017[Al][skl]3[FSR]1,4716.256,0.633677,6.4126,10.57915,4501.62,0.71722,1.13184
2017[Al][skl]3[FSR]2,4716.256,0.654724,7.09639,8.52757,4451.79,0.71308,1.08913
2017[Al][skl]3[FSR]3,4716.256,0.646098,7.49154,9.02129,4479.69,0.71474,1.10624
2017[Al][skl]3[FSR]4,4716.256,0.629989,6.71784,10.51065,4502.19,0.71894,1.1412
2017[Al][skl]3[FSR]5,4716.256,0.629512,6.82335,10.93726,4492.3,0.71904,1.14222
2017[Al][skl]3[FSR]6,4716.256,0.632101,6.51334,10.86344,4501.54,0.71786,1.13567
2017[Al][skl]3[FSR]7,4716.256,0.632497,7.78859,9.39612,4476.57,0.72064,1.13936
2017[Al][skl]3[FSR]8,4716.256,0.634587,7.68858,9.207,4477.03,0.72048,1.13535
2017[Al][skl]3[FSR]9,4716.256,0.641294,7.59212,9.07584,4445,0.7195,1.12195
2017[CdK][sql]2[FSR]1,5084.428,1.16428,2.9728,5.22774,4811.13,0.50012,0.429553
2017[CdK][sql]2[FSR]2,5084.428,1.16428,2.97281,5.22774,4811.89,0.49722,0.427062
2017[CdSi][nan]3[FSR]1,1482.572,1.19063,4.40856,6.91424,3899.02,0.57882,0.486146
2017[Cd][bey]2[FSR]1,2231.236,1.0546,5.01483,7.53249,4445.27,0.59306,0.562357
2017[Cd][dia]3[FSR]1,3790.06,1.10711,4.21326,7.09858,4383.05,0.57422,0.518666
2017[Cd][dia]3[FSR]2,5559.512,1.31499,4.55232,5.25515,4535.86,0.46948,0.357023
2017[Cd][hcb]2[FSR]1,1204.778,0.806632,8.46391,11.67122,4590.13,0.67522,0.837086
2017[Cd][kgd]2[FSR]1,4279.192,1.72615,3.36084,3.98808,3870.21,0.41518,0.240524
2017[Cd][kgd]2[FSR]2,859.334,1.82941,3.10375,4.17984,3892.62,0.34352,0.187776
2017[Cd][kgd]2[FSR]3,5945.112,1.12828,4.20031,6.70087,4422.44,0.5696,0.504841
2017[Cd][kgd]2[FSR]4,981.5,1.72178,3.00289,3.60229,4109.17,0.35076,0.20372
2017[Cd][lon]3[FSR]1,2471.6,1.33502,2.48236,4.40635,4536.56,0.45928,0.344025
2017[Cd][lon]3[FSR]2,2471.6,1.33502,2.48236,4.40635,4541.59,0.45928,0.344025
2017[Cd][met]3[FSR]1,5964.768,1.52446,3.92354,6.42627,3316.77,0.56992,0.37385
2017[Cd][pcu]3[FSR]2,1079.749,1.26273,3.5218,4.52663,4759.8,0.4802,0.380288
2017[Cd][pts]3[FSR]1,2868.608,1.09891,5.8846,6.65178,3483.43,0.65306,0.594278
2017[Cd][sql]2[FSR]1,4935.36,1.35224,3.38803,4.34287,4662.73,0.4466,0.330267
2017[Cd][sql]2[FSR]2,4935.36,1.32725,3.37778,4.16728,4640.12,0.4534,0.341608
2017[Cd][sql]2[FSR]3,824.104,0.898524,5.48121,7.32949,4915.38,0.6081,0.676777
2017[Cd][sql]2[FSR]4,3764.48,1.28843,3.87041,5.28806,4368.45,0.47586,0.369334
2017[Ce][pts]3[FSR]1,1196.764,1.19118,3.6978,5.07473,3690.83,0.6077,0.510164
2017[Ce][sql]2[FSR]1,1869.816,1.49035,3.49876,4.73792,4440.37,0.4059,0.272352
2017[Co][gra]3[FSR]1,6622.128,1.03874,7.39369,8.08564,4973.25,0.51356,0.494408
2017[Co][nan]2[FSR]1,1324.628,1.47031,4.04475,4.22259,3983.11,0.42552,0.289408
2017[Co][nan]3[FSR]1,1912.592,1.42645,2.87703,4.23926,3636.26,0.4679,0.328017
2017[Co][nan]3[FSR]13,935.892,1.19054,9.9543,10.9968,2470.22,0.63626,0.534428
2017[Co][nan]3[FSR]14,935.892,1.18753,10.77074,11.55785,2466.26,0.6408,0.539609
2017[Co][nan]3[FSR]2,7511.13,1.01746,3.84459,8.43233,4624.18,0.56072,0.551095
2017[Co][nan]3[FSR]3,1066.106,1.51985,4.766,5.99534,2945.12,0.49276,0.324215
2017[Co][nan]3[FSR]4,2197.648,1.18055,2.10397,5.41284,4634.52,0.487,0.412518
2017[Co][nan]3[FSR]5,2809.706,1.24735,4.10518,5.27279,4499.36,0.46882,0.375852
2017[Co][nan]3[FSR]6,1103.976,1.38138,5.76311,7.69686,2948.15,0.55594,0.402453
2017[Co][nan]3[FSR]7,935.892,1.17257,10.86547,11.65774,2484.63,0.64496,0.550042
2017[Co][nan]3[FSR]8,935.892,1.17528,10.85848,11.65036,2478.41,0.64234,0.546543
2017[Co][nan]3[FSR]9,2278.941,1.30886,2.57953,5.76378,4767.54,0.4084,0.312026
2017[Co][pcu]3[FSR]1,2601.5,1.20211,3.54072,5.26792,4391.2,0.502,0.4176
2017[Co][pcu]3[FSR]2,3145.952,1.36161,2.5634,4.11424,4282.03,0.42984,0.315685
2017[Co][qtz]3[FSR]1,2677.491,1.17603,4.04962,4.89409,4288.1,0.52756,0.448595
2017[Co][sql]2[FSR]1,5147.76,1.28752,2.4134,5.473,4897.17,0.42594,0.330823
2017[Co][sql]2[FSR]2,1132.568,1.38146,2.91155,3.85357,4419.56,0.4402,0.318648
2017[Co][sql]2[FSR]3,1066.818,1.06296,4.81479,5.75075,4792.75,0.52886,0.497534
2017[Co][tfz]3[FSR]1,4358.284,0.688299,8.12371,10.12414,4161.84,0.71704,1.04176
2017[Co][tfz]3[FSR]2,3345.72,0.75846,8.88161,9.49114,4025.55,0.69482,0.916093
2017[CrFe][hcb]2[FSR]1,2644.994,1.23299,4.21491,6.58186,3852.26,0.54868,0.444999
2017[CrMn][qtz]3[FSR]1,8244.456,1.03133,5.33957,6.2194,3492.71,0.65782,0.637835
2017[CrMn][qtz]3[FSR]2,8244.456,1.03133,5.33298,6.2241,3481.89,0.65838,0.638378
2017[CuEu][sql]2[FSR]1,1589.628,1.39405,4.65715,6.33927,3773.82,0.5543,0.397619
2017[CuPr][nan]3[FSR]1,6864.388,2.19164,4.39895,5.34172,3006.75,0.40446,0.184547
2017[CuSi][pcu]3[FSR]1,1476.388,0.765355,10.29832,10.43276,4949.01,0.66348,0.866891
2017[Cu][apo]3[FSR]1,2462.016,1.10662,3.49272,4.35727,4158.13,0.58444,0.528133
2017[Cu][hcb]2[FSR]1,1727.756,1.14721,3.56887,4.24981,5197.78,0.49956,0.435455
2017[Cu][nan]3[FSR]3,2843.388,1.01975,8.81925,9.73002,4702.76,0.61998,0.607971
2017[Cu][nan]3[FSR]4,2890.716,1.02953,9.30306,11.01739,4029.43,0.65352,0.634777
2017[Cu][nan]3[FSR]5,3477.132,1.12272,4.157,8.60345,4282.76,0.5784,0.515179
2017[Cu][nan]3[FSR]6,3477.132,1.13364,3.94723,7.48031,4250.14,0.5699,0.502718
2017[Cu][nan]3[FSR]7,13425.232,0.781335,4.83732,15.46971,3922.16,0.72522,0.92818
2017[Cu][nan]3[FSR]8,3066.38,1.2097,3.44939,6.18014,4231.53,0.55336,0.457436
2017[Cu][pts]3[FSR]1,4912.628,0.716876,5.32772,7.97942,4736.94,0.69318,0.966945
2017[Cu][rob]3[FSR]1,1143.064,1.46806,4.10393,4.94656,4541.43,0.41094,0.279921
2017[Cu][rob]3[FSR]2,2286.128,1.3759,5.31106,5.60617,4587.86,0.45414,0.330067
2017[Cu][rob]3[FSR]3,1143.064,1.37519,5.20273,5.45221,4731.33,0.43588,0.316959
2017[Cu][rob]3[FSR]4,2342.236,1.2733,5.55557,6.2648,4825.39,0.46926,0.368538
2017[Cu][rtl]3[FSR]1,1231.008,1.18538,2.48914,4.30499,4242.64,0.54864,0.462839
2017[Cu][rtl]3[FSR]2,1174.9,1.10472,3.2429,4.22242,3997.22,0.59524,0.538817
2017[Cu][sql]2[FSR]1,2271.808,1.10337,2.9107,6.18718,4509.29,0.57472,0.520877
2017[Cu][sql]2[FSR]2,9624.6,1.13348,5.89232,8.26625,4695.44,0.5483,0.483733
2017[Cu][sql]2[FSR]3,2696.184,1.42203,2.37053,3.90065,4696,0.43302,0.304508
2017[Cu][sql]2[FSR]4,5392.368,1.40605,2.35699,4.05325,4717.76,0.441,0.313644
2017[Er][bey]2[FSR]1,982.98,1.00863,7.70085,8.51423,4168.14,0.61828,0.612991
2017[Er][nan]3[FSR]2,2290.006,0.857791,6.73318,8.53666,3845.49,0.69264,0.807469
2017[Eu][kgd]2[FSR]1,1238.746,1.11325,3.80973,7.04465,4103.75,0.57524,0.516721
2017[Eu][nan]3[FSR]2,1228.282,1.42056,3.30736,4.6078,3666.33,0.53112,0.37388
2017[FeCo][nan]2[FSR]1,8226.888,1.43503,2.75076,4.85885,4406.01,0.41908,0.292036
2017[FePd][sql]2[FSR]1,4034.392,1.49245,2.98008,4.46175,4586.48,0.40718,0.272827
2017[FePd][sql]2[FSR]2,4034.392,1.48934,3.01708,4.37433,4600.5,0.40704,0.273303
2017[Fe][kag]3[FSR]1,1800.306,0.799776,13.61044,15.13602,4152.45,0.67564,0.844787
2017[Fe][nan]3[FSR]1,4123.06,0.557505,10.59444,14.63467,4536.31,0.76338,1.36928
2017[Gd][mog]3[FSR]1,540.292,2.12147,2.58561,3.35594,2867.75,0.38672,0.182289
2017[In][nan]2[FSR]1,820.09,1.62926,4.49731,4.79099,3800.16,0.43144,0.264808
2017[In][nan]3[FSR]1,2454.14,1.36058,2.79917,5.1405,3700.61,0.52656,0.38701
2017[In][sea]3[FSR]1,1050.406,0.873391,5.50836,8.21487,3959.52,0.66784,0.764652
2017[Mn][hxl]2[FSR]1,1633.94,1.20785,3.4716,5.4627,3563.84,0.5831,0.482758
2017[Mn][hxl]2[FSR]2,1633.94,1.1993,3.73634,5.16711,3571.44,0.58912,0.49122
2017[Mn][hxl]2[FSR]3,1456.124,1.08784,3.68839,5.29814,3942.71,0.58836,0.54085
2017[Mn][hxl]2[FSR]4,1456.124,1.10132,3.42155,5.55602,3919.67,0.5892,0.534993
2017[Mn][kgm]2[FSR]1,1280.874,1.46462,5.99852,7.37921,3752.41,0.47388,0.323551
2017[Mn][pcu]3[FSR]1,759.956,1.35105,2.27921,4.23989,4087.63,0.51656,0.382341
2017[Mn][sql]2[FSR]1,1769.126,1.06453,5.0965,5.79077,4731.98,0.53476,0.502344
2017[MoCuAs][nan]2[FSR]1,725.79,2.21971,3.39781,4.10494,2659.27,0.44428,0.200152
2017[Nd][nan]3[FSR]1,1480.452,2.02917,3.07416,4.57962,3073.04,0.40244,0.198327
2017[NiCo][qtz]3[FSR]1,3369.321,0.829487,13.15284,13.29863,4737.19,0.66052,0.796299
2017[Ni][dia]3[FSR]3,605.798,1.25034,3.51885,4.97777,4454.82,0.49996,0.399859
2017[Ni][hms]3[FSR]1,2531.988,1.52424,2.34169,3.06322,4474.05,0.37466,0.245802
2017[Ni][nan]3[FSR]1,19488.168,1.02982,3.37663,10.60685,4605.17,0.57982,0.563029
2017[Ni][nan]3[FSR]4,1374.778,0.754862,4.5461,8.68471,4840.17,0.65748,0.870994
2017[Ni][sqc]3[FSR]1,4513.432,1.24976,3.3599,4.99445,4701.54,0.45348,0.362853
2017[Ni][sql]2[FSR]1,1296.338,1.06415,4.65274,5.75291,4453.46,0.55246,0.519155
2017[Ni][sql]2[FSR]2,1246.278,1.17221,3.33074,4.70193,4450.78,0.51474,0.439119
2017[Pr][kgd]2[FSR]1,2061.672,1.09335,4.97592,5.69403,4123.14,0.5864,0.536333
2017[Pr][nan]3[FSR]1,1480.452,1.99895,3.1156,4.62788,3120.23,0.40384,0.202026
2017[Rh][sql]2[FSR]1,676.544,1.13119,3.52965,5.38505,3725.8,0.62994,0.556884
2017[Sc][nan]3[FSR]1,1453.14,0.885831,5.0736,6.03816,4296.33,0.6341,0.715825
2017[Tb][nan]3[FSR]1,4028.106,1.26291,5.74222,7.11031,3967.59,0.53364,0.422547
2017[Tb][nan]3[FSR]2,1122.478,1.34373,4.58175,5.87816,3483.58,0.53828,0.400587
2017[Tb][nan]3[FSR]3,1480.12,1.86746,4.28719,5.03954,2571.16,0.49802,0.266683
2017[Th][bcu]3[FSR]1,2722.108,0.844032,13.07546,14.08836,2838.2,0.77434,0.91743
2017[TiCu][pcu]3[FSR]1,1284.212,1.26169,6.35471,7.03442,3585.21,0.49742,0.394247
2017[Tm][nan]3[FSR]1,2290.006,0.875725,6.48372,8.44323,3796.25,0.68996,0.787873
2017[V][nan]3[FSR]1,924.228,1.11073,7.07801,7.27667,3389.7,0.59186,0.532858
2017[Y][nia]3[FSR]1,1224.846,1.03683,4.05011,6.89373,4125.64,0.58854,0.567633
2017[Yb][mog]3[FSR]1,714.588,1.63203,2.54216,4.19469,3493.46,0.46084,0.282373
2017[ZnSi][sql]2[FSR]1,2223.456,1.31423,2.78365,3.96187,4521.85,0.47626,0.362388
2017[ZnSi][sql]2[FSR]2,2223.456,1.29001,2.6525,4.47519,4719.93,0.47166,0.365624
2017[Zn][apo]3[FSR]1,3789.456,1.12099,3.38465,6.74432,4433.73,0.54678,0.487766
2017[Zn][crb]3[FSR]1,2596.76,0.930977,6.15384,8.58425,4282.75,0.63962,0.687041
2017[Zn][dia]3[FSR]1,2127.64,1.11292,3.76627,5.45121,4877.11,0.53984,0.485068
2017[Zn][dia]3[FSR]3,3312.476,1.07479,8.59358,10.02166,4765.84,0.55322,0.514722
2017[Zn][dia]3[FSR]4,3312.476,1.0858,8.25093,8.91351,4833.83,0.54862,0.505268
2017[Zn][dia]3[FSR]5,3312.476,1.06105,8.58831,9.54271,4790.56,0.55592,0.523935
2017[Zn][dia]3[FSR]6,1425.014,0.961694,4.08825,5.86137,3978.22,0.66404,0.69049
2017[Zn][dia]3[FSR]7,3312.68,1.30022,2.45009,5.23063,5097.64,0.41372,0.318193
2017[Zn][dia]3[FSR]8,3312.68,1.29059,2.44126,5.27871,5120.23,0.41478,0.321387
2017[Zn][dia]3[FSR]9,1858.984,1.24594,3.36088,4.23572,4593.49,0.49148,0.394465
2017[Zn][dmp]3[FSR]1,2175.376,1.29595,2.22098,4.37416,4865.91,0.4408,0.340136
2017[Zn][flu]3[FSR]1,1253.56,1.10047,6.13302,8.98981,3779.47,0.61758,0.561199
2017[Zn][lon]3[FSR]1,2211.404,1.19694,2.15382,4.94333,4776.9,0.49006,0.409429
2017[Zn][muo]3[FSR]1,6517.17,0.343786,25.1026,26.74314,4194.26,0.87244,2.53774
2017[Zn][nan]2[FSR]2,4274.9,1.04134,3.43205,6.25807,4928.08,0.54902,0.527226
2017[Zn][nan]2[FSR]5,2143.284,1.11639,5.89466,8.75197,4874.61,0.52352,0.46894
2017[Zn][nan]3[FSR]10,1725.6,1.06648,12.23964,12.38458,4424.24,0.58182,0.545553
2017[Zn][nan]3[FSR]2,1940.028,1.44863,2.31514,6.24234,3926.46,0.49508,0.341758
2017[Zn][nan]3[FSR]3,2764.136,0.842012,8.52068,8.83729,5401.85,0.61624,0.731866
2017[Zn][nan]3[FSR]4,1725.6,1.10312,10.14978,11.40747,4390.16,0.5647,0.511911
2017[Zn][pcu]3[FSR]1,1814.956,0.845633,6.58598,8.64973,4546.59,0.65266,0.7718
2017[Zn][pcu]3[FSR]5,2387.53,1.19856,3.25271,6.30323,4748.73,0.50298,0.419652
2017[Zn][sod]3[FSR]1,5606.712,0.684243,5.21481,14.89793,5460.34,0.67412,0.985205
2017[Zn][sql]2[FSR]1,1512.278,0.951715,4.87008,6.21655,5169.3,0.56632,0.595052
2017[Zn][sql]2[FSR]2,2792.4,0.727537,4.36617,7.76573,5398.64,0.66182,0.909672
2017[Zn][sql]2[FSR]3,887.528,1.23333,3.43895,4.38161,4924.94,0.46726,0.378861
2017[Zn][sql]3[FSR]2,2333.438,1.27769,3.09213,5.81954,4565.96,0.47728,0.373548
2017[Zn][unc]3[FSR]1,1214.492,1.32306,4.28379,5.024,4454.74,0.47224,0.356929
2017[Zn][unc]3[FSR]2,1214.492,1.23292,4.443,5.06004,4840.91,0.49964,0.405251
2017[Zr][csq]3[FSR]1,6710.172,0.502145,29.28279,29.73186,3515.35,0.81906,1.63112
2017[Zr][csq]3[FSR]2,6434.004,0.476263,29.4358,30.5097,3610.55,0.82718,1.73682
2017[Zr][csq]3[FSR]3,6422.196,0.497465,29.15594,30.53451,3637.61,0.82012,1.6486
2017[Zr][csq]3[FSR]4,6421.908,0.49175,29.32601,29.92853,3560.28,0.8218,1.67117
2017[Zr][fcu]3[FSR]1,6586.464,0.692178,13.01406,19.182,3988.71,0.73814,1.0664
2017[Zr][nan]3[FSR]1,4231.772,0.811156,7.12418,11.99121,3514.2,0.7397,0.911908
2018[Ag][sql]2[FSR]2,1387.63,1.44984,4.92775,6.01167,3613.11,0.55564,0.383241
2018[Ag][sql]2[FSR]3,1387.63,1.44364,4.99982,6.05772,3607.85,0.55746,0.386148
2018[Ag][sql]2[FSR]4,1387.63,1.43495,5.08334,6.13733,3607.41,0.56098,0.390941
2018[Ag][sql]2[FSR]5,1387.63,1.42462,5.1874,6.23384,3599,0.56206,0.394534
2018[Ag][sql]2[FSR]6,1387.63,1.41336,5.31545,6.34061,3590.06,0.56562,0.400194
2018[Cd][dia]3[FSR]3,2059.296,1.19526,5.30608,6.45434,4618.24,0.5278,0.441578
2018[Cd][dia]3[FSR]4,2059.296,1.19499,4.62248,6.27815,4569.89,0.52584,0.440037
2018[Cd][dia]3[FSR]5,2059.296,1.19718,4.65207,6.19232,4531.57,0.52166,0.435739
2018[Cd][nan]3[FSR]2,5175.88,0.888712,10.17943,13.31328,4592.28,0.62818,0.706843
2018[Cd][nan]3[FSR]3,5175.88,0.700989,11.03686,11.83106,4628.4,0.70874,1.01106
2018[Cd][nan]3[FSR]4,1602.548,1.28977,3.02021,6.28321,3563.02,0.5692,0.441319
2018[Cd][nan]3[FSR]5,3854.472,1.71191,3.46339,4.4708,3937.37,0.40466,0.23638
2018[Cd][nan]3[FSR]6,4342.652,0.933546,5.91333,8.14266,4003.52,0.66092,0.707967
2018[Cd][pcu]3[FSR]1,2708.43,1.52404,3.23008,4.87743,4292.8,0.41708,0.273668
2018[Cd][sod]3[FSR]1,8320.224,1.26217,3.04996,5.35859,4150.66,0.5475,0.433775
2018[Cd][sod]3[FSR]2,4160.112,1.38339,2.82859,4.50069,4124.26,0.5085,0.367575
2018[Cd][sql]2[FSR]1,2035.264,1.02975,5.95747,7.84304,4525.57,0.59144,0.574353
2018[Ce][csq]3[FSR]1,5452.68,0.557854,17.73807,23.51979,3480.5,0.80374,1.44077
2018[Ce][scu]3[FSR]1,1817.56,0.669755,8.70141,12.44211,3486.63,0.76222,1.13806
2018[Co][flu]3[FSR]1,916.598,1.35477,2.80323,4.4469,4359.89,0.4317,0.318652
2018[Co][fsc]3[FSR]1,940.66,1.23641,3.82584,4.62849,4465.31,0.47582,0.384839
2018[Co][nan]3[FSR]10,2807.676,1.18539,9.94509,10.96437,2479.5,0.6361,0.536617
2018[Co][nan]3[FSR]2,7060.54,1.03176,5.21011,9.602,4394.09,0.56182,0.544523
2018[Co][nan]3[FSR]3,935.892,1.18457,9.86058,10.9929,2500.7,0.63944,0.53981
2018[Co][nan]3[FSR]4,935.892,1.18395,9.96153,11.0634,2499.18,0.64226,0.542472
2018[Co][nan]3[FSR]5,935.892,1.18386,9.96065,11.06314,2503.19,0.64228,0.542532
2018[Co][nan]3[FSR]6,935.892,1.17315,10.10911,11.06432,2535.84,0.637,0.542981
2018[Co][nan]3[FSR]7,935.892,1.18395,9.95624,11.06071,2499.46,0.6423,0.542506
2018[Co][nan]3[FSR]9,3743.568,1.18297,10.97893,11.68073,2485.59,0.63716,0.538611
2018[Co][nia]3[FSR]1,1994.964,0.872025,4.68406,8.91438,4023.26,0.65276,0.748556
2018[Co][sql]2[FSR]1,1821.34,0.955836,5.68887,7.14429,4799.77,0.57268,0.59914
2018[CuIn][nan]3[FSR]1,5301.952,1.25332,3.94822,4.87313,3717.38,0.56094,0.447564
2018[Cu][kgm]2[FSR]1,1714.188,1.37823,4.75262,6.59257,4179.93,0.48422,0.351334
2018[Cu][kgm]2[FSR]2,1714.188,1.18701,5.20127,6.76836,4256.06,0.55266,0.465589
2018[Cu][nan]2[FSR]1,4536.82,1.01468,3.47283,5.72932,5166.11,0.5387,0.530906
2018[Cu][nan]3[FSR]2,1391.092,1.56704,3.00148,4.14659,4168.88,0.39454,0.251773
2018[Cu][nan]3[FSR]3,1391.092,1.57622,2.91489,4.16062,4151.53,0.39294,0.249292
2018[Cu][nan]3[FSR]4,1391.092,1.56798,3.0153,4.15698,4160.79,0.39506,0.251955
2018[Cu][nan]3[FSR]5,1391.092,1.54591,3.17931,4.33299,4214.89,0.40164,0.259808
2018[Cu][nan]3[FSR]6,1391.092,1.5408,3.17251,4.34342,4234.81,0.40408,0.262253
2018[Cu][nan]3[FSR]7,1391.092,1.53594,3.17778,4.3312,4247.41,0.40606,0.264372
2018[Cu][sit]3[FSR]1,1551.09,1.34639,6.0353,6.3761,4228.96,0.48236,0.358262
2018[Cu][sql]2[FSR]1,9215.272,1.10967,3.1183,6.09567,4794.29,0.51586,0.464875
2018[Cu][sql]2[FSR]2,2536.444,1.36352,2.34733,3.4869,4936.35,0.39678,0.290996
2018[Er][nan]3[FSR]1,1220.6,2.2121,2.29,4.08804,2790.06,0.41732,0.188653
2018[Eu][nan]3[FSR]1,5087.104,0.895347,8.15613,10.38976,3762.02,0.6756,0.754568
2018[Fe][hcb]2[FSR]1,704.28,0.772429,5.82939,7.7129,3835.17,0.72334,0.936449
2018[Mn][bcu]3[FSR]1,2966.824,1.1197,5.03778,6.18382,4576.2,0.51582,0.460676
2018[Mn][nan]3[FSR]1,3706.492,1.09934,3.67382,5.46663,4489.86,0.53576,0.487346
2018[Ni][fmz]3[FSR]1,6245.514,0.636492,5.62966,11.37857,4582.37,0.7344,1.15382
2018[Ni][fmz]3[FSR]2,6888.06,0.701722,5.24428,10.35645,4572.7,0.70396,1.00319
2018[Ni][fmz]3[FSR]3,6858.09,0.698914,5.00818,11.26978,4599.22,0.70696,1.01151
2018[Ni][fmz]3[FSR]4,6737.862,0.683544,5.50486,9.06169,4608.54,0.71294,1.04301
2018[Ni][fmz]3[FSR]5,7301.364,0.751391,3.94115,9.85444,4445.66,0.69048,0.918935
2018[Ni][nan]3[FSR]1,1997.558,1.34172,3.6731,5.35437,4232.14,0.46952,0.349939
2018[Ni][nan]3[FSR]2,1937.498,1.30577,3.49278,4.95721,4283.34,0.4805,0.367981
2018[Ni][sql]2[FSR]1,2072.428,1.15857,4.56547,5.75139,4673.67,0.50814,0.438591
2018[Ni][sql]2[FSR]2,1820.38,0.963414,5.65582,7.08035,4916.25,0.57368,0.595466
2018[ZnCe][she]3[FSR]1,6693.096,0.548192,14.59463,23.2696,3134.47,0.8246,1.50422
2018[Zn][acs]3[FSR]1,1744.346,1.35647,5.34202,6.61919,4134.06,0.5029,0.370742
2018[Zn][nan]3[FSR]1,3299.346,0.867685,5.68763,7.98999,4929.64,0.6169,0.710972
2018[Zn][nan]3[FSR]3,1202.868,0.72676,16.87738,16.92978,3229.1,0.7687,1.05771
2018[Zn][nan]3[FSR]4,1202.868,0.725095,16.82095,16.87394,3242.68,0.76918,1.0608
2018[Zn][pcu]3[FSR]1,3249.848,1.0974,4.24797,5.73434,4941.96,0.5325,0.485237
2018[Zn][pcu]3[FSR]15,3902.824,1.07991,4.13951,6.2005,4561.62,0.56228,0.520675
2018[Zn][pcu]3[FSR]2,3041.27,0.81035,8.00479,9.45746,4599.29,0.67424,0.832036
2018[Zn][pcu]3[FSR]3,4665.696,0.965805,5.30943,7.84786,3994.96,0.65098,0.674028
2018[Zn][sql]2[FSR]1,8037.4,1.00765,3.9361,7.01447,4956.9,0.55952,0.55527
2018[Zn][sql]2[FSR]2,977.598,1.3331,3.29028,4.88143,4583.73,0.45826,0.343756
2018[Zn][sql]2[FSR]3,1028.48,1.1379,3.15784,4.36922,5212.51,0.48382,0.425188
2018[Zn][sql]2[FSR]4,967.658,1.29828,3.40153,5.12746,5195.13,0.42358,0.326262
2018[Zn][sql]2[FSR]7,1847.128,0.962909,5.65901,7.56109,4961.75,0.5828,0.605249
2018[Zn][sql]2[FSR]8,1847.128,0.95214,5.76264,8.16609,4981.09,0.58744,0.616968
2018[Zn][vtx]3[FSR]1,3125.43,1.43499,2.13544,2.88068,4400.08,0.42168,0.293855
2018[Zr][nan]3[FSR]1,18230.112,0.868063,5.25872,12.90854,3552.11,0.68128,0.784828
2018[Zr][nan]3[FSR]2,18230.112,0.854238,5.34156,13.22909,3544.13,0.68592,0.802961
2018[Zr][nan]3[FSR]3,2561.112,0.565002,7.63799,15.54455,3809.26,0.78454,1.38856
2018[Zr][nan]3[FSR]4,4857.902,0.70707,6.67955,13.74408,3632.48,0.73176,1.03492
2018[Zr][nan]3[FSR]5,4809.858,0.753337,7.02099,12.91193,3597.45,0.71624,0.950757
2019[Al][bpq]3[FSR]3,362.246,0.969882,6.57536,6.95943,4019.34,0.60114,0.619807
2019[Al][bpq]3[FSR]4,1448.984,1.46151,2.23649,2.73344,3934.76,0.40696,0.278452
2019[Al][fon]3[FSR]1,4115.536,0.58658,8.24844,10.38394,4458.51,0.74062,1.26261
2019[Al][fon]3[FSR]2,5035.352,0.671413,7.21655,10.11649,4289.89,0.71984,1.07213
2019[Bi][gra]2[FSR]1,2258.416,1.31024,4.15865,5.56109,3277.23,0.59688,0.455551
2019[Bi][sra]3[FSR]1,5429.216,1.13618,5.12255,6.09529,3965.76,0.56982,0.501522
2019[Cd][dia]3[FSR]1,2586.476,1.05613,3.41102,5.38573,4447.03,0.56896,0.538722
2019[Cd][fsc]3[FSR]1,3232.95,1.11086,5.12294,7.52807,4290.82,0.57126,0.514251
2019[Cd][hcb]2[FSR]1,1418.404,1.44727,3.74205,4.77123,4040.11,0.514,0.35515
2019[Cd][hcb]2[FSR]2,5687.92,1.36333,2.29452,5.83043,5135.21,0.41188,0.302113
2019[Cd][ins]3[FSR]1,2155.304,0.89021,8.25475,9.2342,4453.28,0.6541,0.73477
2019[Cd][ins]3[FSR]2,2211.412,0.774713,6.41379,9.08543,4478.62,0.69688,0.899533
2019[Cd][kgd]2[FSR]2,803.314,1.59678,3.00983,4.68355,4025.37,0.42838,0.268278
2019[Cd][kgd]2[FSR]3,999.442,0.973127,3.23146,7.14024,4869.6,0.57272,0.588536
2019[Cd][nan]2[FSR]1,2708.352,1.17917,4.37375,5.43492,4718.64,0.51246,0.434595
2019[Cd][nan]2[FSR]2,3244.596,1.26251,2.98467,5.92297,4781.18,0.4576,0.362453
2019[Cd][nan]3[FSR]3,3029.06,1.18103,4.3478,6.47197,3920.94,0.5883,0.498124
2019[Cd][nan]3[FSR]4,1816.874,1.50984,3.27191,4.68432,4084.93,0.44126,0.292256
2019[Cd][nan]3[FSR]5,4883.712,1.7873,2.4818,3.8967,3981.76,0.37036,0.207217
2019[Cd][nan]3[FSR]6,4206.812,1.53498,3.02214,6.38666,3666.77,0.50434,0.328564
2019[Cd][nan]3[FSR]7,7042.644,1.06139,4.40841,8.51869,4581.52,0.57496,0.541707
2019[Cd][nan]3[FSR]8,7042.644,1.04806,4.71224,8.29671,4597.19,0.58448,0.557675
2019[Cd][pts]3[FSR]1,3172.936,0.984578,6.02273,6.70051,3797.42,0.66262,0.672999
2019[Cd][sql]2[FSR]2,1189.732,1.42845,3.57123,5.17907,4543.08,0.43342,0.30342
2019[Cd][tfz]3[FSR]1,1584.56,1.18064,3.82169,6.08521,4309.59,0.53728,0.455073
2019[Cd][tfz]3[FSR]2,1648.68,0.939663,4.84271,6.44414,4279.43,0.632,0.672582
2019[Cd][tfz]3[FSR]3,5000.056,0.720926,8.89371,10.95547,3936.58,0.7439,1.03187
2019[Cd][ths]3[FSR]1,2446.792,1.39764,4.21863,6.15386,3996.59,0.52592,0.37629
2019[Ce][scu]3[FSR]1,1151.018,1.48124,2.98094,4.83345,4098.3,0.41768,0.28198
2019[Ce][sql]2[FSR]1,2562.032,1.63134,3.00698,4.06192,3581.56,0.4376,0.268246
2019[CoMg][hex]3[FSR]1,4412.108,0.905268,4.62255,6.68369,4585.74,0.60828,0.671934
2019[Co][apo]3[FSR]1,2425.112,1.05942,3.6671,4.54762,3946.02,0.58858,0.555566
2019[Co][crs]3[FSR]1,9821.832,0.984461,4.55772,9.86803,4314.5,0.5941,0.603478
2019[Co][hcb]2[FSR]1,1044.892,1.0328,6.36755,6.67043,4948.81,0.52466,0.507999
2019[Co][hex]3[FSR]1,4550.62,0.928459,4.86936,6.85186,4394.61,0.6105,0.657541
2019[Co][hex]3[FSR]2,4110.212,0.977201,5.44881,6.63089,4389.69,0.5997,0.613691
2019[Co][hxl]2[FSR]1,2379.642,1.18736,2.23281,5.70765,4829.7,0.4762,0.401058
2019[Co][jaj]3[FSR]1,3557.68,1.24626,3.87445,6.2306,4406.41,0.49446,0.396756
2019[Co][lcv]3[FSR]1,2528.368,1.63923,2.61902,3.21867,3593.71,0.45632,0.278374
2019[Co][nan]2[FSR]1,813.233,1.73961,3.0607,3.9117,3624.26,0.34932,0.200804
2019[Co][nan]2[FSR]2,1296.662,1.31442,2.50349,5.09885,4093.54,0.46722,0.355457
2019[Co][nan]3[FSR]1,1128.144,1.43124,5.45867,7.48593,3250.17,0.51122,0.357186
2019[Co][nan]3[FSR]10,935.892,1.18431,10.78007,11.53528,2480.83,0.63758,0.538356
2019[Co][nan]3[FSR]11,935.892,1.17266,10.91867,11.6947,2486.28,0.64104,0.546657
2019[Co][nan]3[FSR]12,935.892,1.17224,10.88216,11.69824,2481.43,0.64212,0.54777
2019[Co][nan]3[FSR]2,5595.822,0.766859,6.35015,9.89062,4436.58,0.6736,0.878389
2019[Co][nan]3[FSR]3,3432.582,1.03663,5.37504,9.07824,4623.49,0.54688,0.527555
2019[Co][nan]3[FSR]4,3757.22,1.1763,3.93981,6.72981,3704.12,0.55578,0.47248
2019[Co][nan]3[FSR]5,3218.724,0.994093,3.91144,5.14458,5034.36,0.54852,0.551779
2019[Co][nan]3[FSR]6,2206.462,1.44077,2.56388,6.62409,3383.96,0.5002,0.347176
2019[Co][nan]3[FSR]9,434.893,2.1984,3.36229,3.79823,2216.46,0.36326,0.165239
2019[Co][pcu]3[FSR]1,2261.628,0.956026,5.4487,6.02974,4682.02,0.5861,0.613059
2019[Co][pcu]3[FSR]2,3065.784,1.08616,3.88478,5.40279,4440.53,0.54466,0.501456
2019[Co][rtl]3[FSR]1,1212.556,1.15956,2.43002,4.39606,4000.87,0.54494,0.469956
2019[Co][sql]2[FSR]1,2524.434,1.26236,2.21166,4.03245,5024.97,0.41184,0.326247
2019[Co][sql]2[FSR]2,1569.308,1.23778,3.29481,4.90154,4903.8,0.44472,0.359288
2019[Cr][acs]3[FSR]1,1188.91,0.538843,11.59583,14.0702,4162.7,0.77798,1.4438
2019[Cu][gar]3[FSR]1,11575.32,1.25702,5.79853,8.37218,3318.42,0.61462,0.488948
2019[Cu][gra]3[FSR]1,1671.604,1.64577,3.51527,3.87876,4230.74,0.38018,0.231004
2019[Cu][kgd]2[FSR]1,1459.024,1.23935,3.20296,5.39437,4095.82,0.53104,0.428483
2019[Cu][lcv]3[FSR]1,5710.992,1.14002,5.70552,8.44171,4457.68,0.53904,0.472833
2019[Cu][lcv]3[FSR]2,6143.352,1.25373,5.17766,8.21851,4776.47,0.47998,0.382841
2019[Cu][nan]3[FSR]2,1434.192,1.4695,5.0332,5.76302,4091.69,0.45948,0.312679
2019[Cu][nan]3[FSR]3,3476.778,0.758419,6.28037,8.36537,4213.67,0.71258,0.939559
2019[Cu][nan]3[FSR]4,3681.216,1.11923,6.15041,9.0116,4265.06,0.57288,0.511852
2019[Cu][nan]3[FSR]5,3014.136,0.888953,5.0345,9.26771,4075.77,0.67016,0.753876
2019[Cu][nbo]3[FSR]1,3765.24,0.800735,5.52861,9.79161,3960.66,0.71144,0.888484
2019[Cu][pcu]3[FSR]1,4832.568,1.26602,3.34018,4.9727,4999.7,0.46864,0.370169
2019[Cu][pcu]3[FSR]2,2188.104,1.16809,3.53471,4.2937,4888.33,0.49188,0.421097
2019[Cu][pcu]3[FSR]3,5199.252,1.62879,2.75437,4.62631,4133.39,0.38442,0.236016
2019[Cu][pts]3[FSR]1,7031.128,2.49229,4.56069,6.22554,2028.42,0.57558,0.230944
2019[Cu][pts]3[FSR]2,4123.94,0.752636,5.3814,8.7204,4840.06,0.67254,0.89358
2019[Cu][rtl]3[FSR]1,1849.472,1.37413,3.0068,5.02511,3976.87,0.5112,0.372018
2019[Cu][rtl]3[FSR]2,1290.952,1.31546,2.66662,4.33454,4044.68,0.50976,0.387515
2019[Cu][rtl]3[FSR]3,1290.952,1.34725,2.54328,4.23173,4027.5,0.50116,0.371987
2019[Cu][sql]2[FSR]2,1252.08,1.35179,2.72311,4.90648,4692.21,0.4229,0.312844
2019[Cu][sql]2[FSR]3,919.852,1.232,2.09808,4.4802,5009.04,0.50736,0.411817
2019[Cu][ssa]3[FSR]1,3578.724,0.843761,4.74984,6.50562,4161.56,0.69108,0.819047
2019[Cu][tbo]3[FSR]1,2635.668,0.965212,4.02591,11.05076,3814.83,0.68088,0.70542
2019[Dy][pcu]3[FSR]1,1352.832,1.84481,3.40308,4.11984,3128.59,0.42412,0.229899
2019[Dy][sql]2[FSR]1,1098.928,1.18334,3.89261,5.66974,4140.23,0.55564,0.469552
2019[Er][hcb]2[FSR]1,728.976,1.8874,2.65854,3.87901,2988.96,0.46018,0.243817
2019[Er][hcb]2[FSR]2,1782.264,1.72807,2.86032,5.2199,3413.52,0.45798,0.265023
2019[Eu][hcb]2[FSR]1,7666.664,1.89909,3.07396,4.4865,3696.97,0.3888,0.204729
2019[Eu][nan]2[FSR]1,1872.836,2.04542,2.30309,3.00234,3369.73,0.31752,0.155235
2019[Eu][nan]3[FSR]4,2155.174,1.48696,2.55062,4.80626,3722.04,0.4681,0.314802
2019[Eu][sql]2[FSR]1,3585.32,1.8383,3.01899,3.82924,3312.85,0.4074,0.221618
2019[In][acs]3[FSR]1,3327.588,0.942871,4.79889,7.48246,4340.8,0.6195,0.657036
2019[In][bpq]3[FSR]1,1190.586,1.14337,5.51296,6.1189,4405.75,0.53278,0.465972
2019[In][bpq]3[FSR]2,2615.448,1.41086,6.08989,6.68867,3045.02,0.57962,0.410827
2019[In][kgd]2[FSR]1,2883.746,1.01928,4.1424,8.54135,4476.49,0.5728,0.561963
2019[In][mcm]2[FSR]1,6465.696,1.13415,4.58056,8.59967,4262.93,0.5654,0.498524
2019[In][mmt]3[FSR]1,6588,0.546774,9.5265,11.56372,4527.8,0.76688,1.40255
2019[In][nan]3[FSR]1,1769.598,0.975636,14.53396,14.79531,3131.1,0.7024,0.719941
2019[In][nan]3[FSR]2,3683.532,1.04616,6.51322,6.75073,4220.81,0.5878,0.561864
2019[In][sql]2[FSR]2,2332.824,1.05675,3.87702,6.45976,4139.41,0.6115,0.578661
2019[La][pcu]3[FSR]1,1908.452,1.63094,3.68397,4.22205,3595.44,0.4522,0.277263
2019[La][pcu]3[FSR]2,1908.452,1.65025,3.53365,4.15852,3616.58,0.44284,0.268348
2019[La][scu]3[FSR]1,1428.828,1.48238,2.93319,4.54141,4091.25,0.42042,0.283611
2019[La][sql]2[FSR]1,3673.272,1.62617,3.04239,4.0329,3612.5,0.42916,0.263909
2019[Lu][pcu]3[FSR]1,2052.7,1.83876,3.65639,4.41362,3001.3,0.4422,0.240489
2019[Lu][pcu]3[FSR]2,2052.7,1.90166,3.40898,4.12942,3014.5,0.42372,0.222816
2019[Mg][nan]2[FSR]1,1498.247,1.01539,5.11652,6.1478,4851.86,0.52732,0.519327
2019[Mg][nan]2[FSR]2,1498.247,0.986673,5.48781,5.831,4910.55,0.54168,0.548997
2019[Mg][nan]3[FSR]1,920.376,1.17522,5.47465,7.50245,4178.04,0.51594,0.439016
2019[Mg][sql]2[FSR]1,3677.61,1.02107,3.89189,6.04654,5427.85,0.50016,0.489841
2019[Mn][bpq]3[FSR]1,408.142,1.18954,5.02932,5.3412,3639.56,0.55752,0.468685
2019[Mn][fsc]3[FSR]1,856.572,1.29793,3.12646,4.44247,4563.85,0.4417,0.34031
2019[Mn][nan]3[FSR]1,3441.096,0.988654,2.20659,9.90635,5285.66,0.54362,0.549859
2019[Mn][srs]3[FSR]1,3602.496,1.08115,4.00185,5.49175,4496.86,0.53082,0.490976
2019[Nd][flu]3[FSR]1,1123.182,1.13778,4.43429,5.91504,4424.07,0.53556,0.470706
2019[Nd][pcu]3[FSR]1,1352.832,1.65695,3.68205,4.40133,3451.53,0.45412,0.274069
2019[Nd][pcu]3[FSR]2,1352.832,1.7168,3.49506,4.13076,3431.56,0.43214,0.251713
2019[Nd][sql]2[FSR]1,2562.032,1.6509,2.99228,4.06046,3497.97,0.4312,0.26119
2019[Ni][fcu]3[FSR]1,1814.882,0.740836,5.29046,14.72219,3816.65,0.72312,0.976087
2019[Ni][gra]3[FSR]1,3960.904,1.30537,3.29005,5.3404,4556.22,0.45956,0.352053
2019[Ni][hcb]2[FSR]1,1220.512,1.14212,4.42664,5.85281,5143.98,0.48772,0.427032
2019[Ni][nan]3[FSR]1,2613.72,1.66398,2.48565,5.05829,3554.04,0.42222,0.253741
2019[Ni][nan]3[FSR]2,1126.704,1.4562,5.52001,7.753,3405.43,0.50924,0.349705
2019[Ni][nan]3[FSR]3,2590.066,1.28102,3.7016,5.39072,4415.28,0.47254,0.368878
2019[Ni][nan]3[FSR]4,3463.626,1.05682,2.20734,9.03942,5169.06,0.52178,0.493724
2019[Ni][pcu]3[FSR]1,2222.864,1.05315,3.553,5.9155,3779.39,0.61544,0.58438
2019[Np][shp]3[FSR]1,2641.464,1.65342,5.47517,10.08641,2137.44,0.66518,0.402306
2019[Pb][nan]2[FSR]1,1112.972,1.93177,3.68968,4.91422,2935,0.42326,0.219104
2019[Pr][nan]3[FSR]1,1098.714,1.70951,3.11847,4.33521,3354.36,0.4486,0.262414
2019[Sm][sqc]3[FSR]1,414.228,1.76829,4.01112,4.70679,3022.31,0.48804,0.275996
2019[TbNi][hcb]2[FSR]1,1796.727,1.55307,2.18686,6.65936,3761.16,0.47854,0.308125
2019[Tb][sqc]3[FSR]1,732.078,1.81638,4.00359,4.75219,2897.89,0.49164,0.27067
2019[Tb][urx]3[FSR]1,11132.316,0.817791,10.47616,15.9169,2803.41,0.76068,0.930164
2019[Th][bcu]3[FSR]1,2722.108,0.959666,13.55357,14.49648,2808.85,0.74486,0.776166
2019[U][nan]3[FSR]1,1336.264,3.47805,2.70431,4.13745,2028.55,0.34958,0.10051
2019[V][bpq]3[FSR]1,619.906,1.82841,3.16519,3.4251,3116.12,0.41894,0.229127
2019[V][bpq]3[FSR]2,1196.216,1.2417,4.68637,6.54051,3657.02,0.5553,0.447209
2019[V][bpq]3[FSR]3,598.108,1.75338,2.40278,3.15426,3387.09,0.38128,0.217454
2019[V][bpq]3[FSR]4,1239.812,1.39001,5.55808,6.75373,3129.64,0.55884,0.402039
2019[Yb][nan]2[FSR]1,2462.484,1.32706,3.83418,4.69516,4035.85,0.48202,0.363223
2019[Yb][nan]2[FSR]2,2522.544,1.33415,3.61543,4.74117,4058.63,0.478,0.358281
2019[ZnSi][pcu]3[FSR]1,1358.192,1.62116,2.92499,3.85884,3829.8,0.43384,0.267611
2019[Zn][bbf]3[FSR]1,1194.172,0.920894,3.99424,5.51098,4188.21,0.67252,0.730291
2019[Zn][bcg]3[FSR]1,1705.208,0.967943,4.88122,6.92066,4182.71,0.6442,0.665535
2019[Zn][cag]3[FSR]1,3192.352,1.21021,2.42053,4.50991,4638.95,0.5502,0.454633
2019[Zn][cag]3[FSR]2,3192.352,1.24583,2.35878,4.4092,4605.87,0.54062,0.433944
2019[Zn][dia]3[FSR]1,1864.968,1.9285,3.5379,4.62065,3243.54,0.45454,0.235696
2019[Zn][dia]3[FSR]2,921.508,1.37884,2.93609,4.07211,4597.35,0.42584,0.30884
2019[Zn][fsc]3[FSR]1,1255.748,1.30104,4.07929,5.40554,4654.14,0.4433,0.340729
2019[Zn][hcb]2[FSR]1,1230.268,1.25044,3.80351,4.17002,4455.1,0.53062,0.424346
2019[Zn][hcb]2[FSR]2,2835.888,1.26621,2.89927,5.58511,5004.65,0.44938,0.354903
2019[Zn][hcb]2[FSR]3,943.596,1.14357,3.34143,4.82272,4960.26,0.50736,0.443663
2019[Zn][lvt]3[FSR]1,7549.088,0.977105,3.60732,4.75652,5241.59,0.5666,0.579876
2019[Zn][mog]3[FSR]1,3101.792,1.12986,3.54831,4.78136,4954.55,0.52312,0.462997
2019[Zn][mog]3[FSR]2,6203.584,1.17803,3.87036,5.55265,4959.23,0.50492,0.428616
2019[Zn][mog]3[FSR]3,3101.792,1.20302,3.48633,4.95199,4961.7,0.4928,0.409635
2019[Zn][mog]3[FSR]4,6203.584,1.21861,3.71503,5.05403,4951.91,0.48418,0.39732
2019[Zn][nan]3[FSR]2,4931.368,2.0105,2.57302,4.71141,3334.58,0.38922,0.193593
2019[Zn][nan]3[FSR]3,12280.44,0.886402,3.81766,9.7373,4038.19,0.67824,0.765161
2019[Zn][nan]3[FSR]4,12280.44,0.887986,3.80357,9.74379,4021.37,0.6765,0.761836
2019[Zn][nan]3[FSR]9,3223.776,0.956305,9.7296,11.76139,3591.85,0.68064,0.711739
2019[Zn][pcu]3[FSR]1,2022.408,1.50833,3.81051,4.71283,3944.68,0.46906,0.310979
2019[Zn][pcu]3[FSR]2,2723.076,1.46672,4.01863,5.16294,4150.11,0.49798,0.339519
2019[Zn][pcu]3[FSR]3,3117.36,1.10163,3.79239,6.29302,4604.67,0.5573,0.505886
2019[Zn][pcu]3[FSR]4,1867.112,1.17237,5.89259,6.99406,4876.88,0.49672,0.423688
2019[Zn][pcu]3[FSR]5,1967.232,1.17359,5.88543,6.8872,4930.68,0.49472,0.421545
2019[Zn][pcu]3[FSR]6,2973.416,1.28945,3.27614,4.24148,4477.62,0.46712,0.362262
2019[Zn][pts]3[FSR]1,727.196,0.978504,3.97201,5.52196,4147.33,0.6391,0.65314
2019[Zn][pts]3[FSR]2,2796.664,0.904611,5.65115,6.59247,4297.37,0.65686,0.726124
2019[Zn][pts]3[FSR]3,2244.352,1.54267,3.19677,4.93021,3893.55,0.44238,0.286762
2019[Zn][snz]3[FSR]1,2091.978,0.693667,13.75598,15.60093,4542.44,0.71886,1.03632
2019[Zn][sql]2[FSR]1,2447.976,1.23878,3.52897,5.28574,5094.1,0.4519,0.364794
2019[Zn][sql]2[FSR]10,1947.328,0.837466,3.73826,6.36001,5116.87,0.62436,0.745535
2019[Zn][sql]2[FSR]7,1867.203,1.04677,4.46537,8.93406,4280.23,0.57992,0.554011
2019[Zn][sql]2[FSR]8,1779.179,1.00105,4.17886,7.90809,4425.9,0.59208,0.591459
2019[Zn][sql]2[FSR]9,973.664,1.12778,2.17974,4.82279,5054.42,0.49832,0.441858
2019[Zn][sqp]3[FSR]1,2353.052,1.20725,3.31256,5.38302,4560.02,0.51748,0.428643
2019[Zn][tfz]3[FSR]1,2528.668,1.27922,3.89874,6.8271,4200.03,0.51132,0.399712
2019[Zr][bcu]3[FSR]1,2615.192,2.18918,2.46068,4.2846,2359.28,0.39026,0.178267
2019[Zr][bey]2[FSR]1,3204.118,1.47843,3.48398,7.06987,3286.26,0.50828,0.343798
2019[Zr][pts]3[FSR]1,1287.452,1.53864,4.5909,5.1747,3816.78,0.3761,0.244437
2020[Ag][pts]3[FSR]1,684.732,1.21648,3.21819,5.40456,4320.68,0.53482,0.439646
2020[Bi][rtl]3[FSR]1,1877.796,1.43842,2.65158,4.46319,3884.92,0.49684,0.345407
2020[Cd][apo]3[FSR]1,2556.248,1.22093,5.78235,6.54851,3304.83,0.63086,0.516704
2020[Cd][fes]2[FSR]1,1882.88,1.29362,3.58496,4.39708,4422.21,0.50926,0.39367
2020[Cd][hcb]2[FSR]1,1602.344,1.25706,2.65279,4.71211,5255.17,0.44572,0.354572
2020[Cd][hcb]2[FSR]2,865.342,1.57221,3.36011,4.17764,4222.79,0.42914,0.272953
2020[Cd][kgd]2[FSR]1,1748.728,0.863613,7.03636,8.71332,4690.74,0.63742,0.738085
2020[Cd][kgd]2[FSR]2,1664.478,1.14101,3.97395,6.17283,4262.8,0.5568,0.487989
2020[Cd][kgd]2[FSR]3,2796.548,1.31121,4.01438,6.74587,4241.94,0.50014,0.381433
2020[Cd][nan]3[FSR]2,3718.24,1.23015,4.29073,6.47768,4398.61,0.51902,0.421914
2020[Cd][nan]3[FSR]3,4030.536,1.43358,4.68099,6.31819,4443.59,0.43086,0.300549
2020[Cd][nan]3[FSR]5,1862.848,1.34974,2.35076,4.48119,4155.3,0.50728,0.375835
2020[Cd][nan]3[FSR]6,2122.448,1.54301,2.73032,4.49111,3573.95,0.5194,0.336615
2020[Cd][pcu]3[FSR]1,5095.324,1.17602,7.44381,8.04641,4283.81,0.54706,0.465177
2020[Cd][pcu]3[FSR]2,1650.428,1.26932,3.58233,5.23604,4938.63,0.47042,0.370608
2020[Cd][pcu]3[FSR]3,1650.428,1.2824,3.91049,5.18268,4887.14,0.46604,0.363413
2020[Cd][rtl]3[FSR]1,1570.612,1.3512,2.44305,4.2692,3851.33,0.52968,0.392006
2020[Cd][sod]3[FSR]1,2716.542,0.869375,7.06601,9.5716,4468.85,0.66748,0.76777
2020[Cd][sql]2[FSR]1,1240.064,1.3394,5.60849,7.73789,4289.34,0.50716,0.378646
2020[Cd][sql]2[FSR]2,1434.08,1.23174,2.39609,5.06314,4755.62,0.48498,0.393737
2020[Cd][sql]2[FSR]3,2130.796,1.06706,3.78773,5.62241,5057.33,0.53022,0.496899
2020[Ce][pts]3[FSR]1,1016.568,1.70401,5.3979,5.64885,2589.66,0.50728,0.297697
2020[CoSi][nan]3[FSR]1,3462.172,1.27507,3.76402,5.3228,4532.62,0.45752,0.35882
2020[Co][cds]3[FSR]1,4739.608,0.993824,5.50673,7.89703,4510.58,0.5846,0.588233
2020[Co][fsc]3[FSR]1,2629.54,1.18268,3.8908,5.8676,4271.33,0.52062,0.440203
2020[Co][fsc]3[FSR]2,2189.824,1.17078,3.02712,6.23989,4768.47,0.47718,0.407574
2020[Co][hex]3[FSR]1,1746.045,1.29389,3.73957,5.52498,4396.36,0.45838,0.354265
2020[Co][hxl]2[FSR]1,1930.954,1.33738,2.96153,4.3442,4239.61,0.45942,0.343523
2020[Co][llz]3[FSR]1,10368.528,0.92686,4.50365,10.77177,3886.76,0.63256,0.682476
2020[Co][mab]3[FSR]1,3794.512,1.01495,5.27665,7.50262,4566.98,0.56632,0.557978
2020[Co][nan]2[FSR]2,2245.932,1.18543,3.20688,5.42155,4862.36,0.46186,0.389613
2020[Co][nan]2[FSR]3,1887.65,1.1714,3.28319,4.94435,4503.73,0.49526,0.422794
2020[Co][nan]2[FSR]4,3582.772,1.22563,2.44085,7.30168,4791.4,0.45032,0.367419
2020[Co][nan]2[FSR]5,1351.242,1.07248,3.39533,5.3689,4704.9,0.50894,0.474544
2020[Co][nan]3[FSR]1,3016.74,1.18335,3.93834,5.44802,3806.8,0.55842,0.4719
2020[Co][nan]3[FSR]10,1062.074,1.48421,4.87145,6.08066,2967.46,0.50392,0.339522
2020[Co][nan]3[FSR]11,1062.074,1.39318,5.51288,6.79448,2959.57,0.5346,0.383726
2020[Co][nan]3[FSR]12,1062.074,1.37675,5.54203,6.76639,2955.58,0.53956,0.391908
2020[Co][nan]3[FSR]17,2020.935,1.15589,5.06226,6.56429,4759.04,0.46554,0.402755
2020[Co][nan]3[FSR]18,2032.911,1.19044,4.96028,6.53077,4665.04,0.45694,0.38384
2020[Co][nan]3[FSR]19,2026.863,1.17021,5.10639,7.0044,4678.71,0.46952,0.401227
2020[Co][nan]3[FSR]2,3528.106,1.31767,3.29588,4.94181,4368.42,0.45034,0.341771
2020[Co][nan]3[FSR]20,2026.863,1.18172,4.92736,6.98788,4661.99,0.46388,0.392548
2020[Co][nan]3[FSR]21,2026.863,1.19411,4.79465,6.87655,4647.19,0.4596,0.384888
2020[Co][nan]3[FSR]22,2026.863,1.17214,4.9258,7.03832,4671.81,0.46722,0.398604
2020[Co][nan]3[FSR]23,2026.863,1.17907,4.885,6.95063,4675.61,0.46486,0.39426
2020[Co][nan]3[FSR]24,4053.726,1.17401,4.89728,7.26419,4675.87,0.46548,0.396486
2020[Co][nan]3[FSR]25,2043.333,1.6623,2.24189,3.17397,3174.59,0.41772,0.251291
2020[Co][nan]3[FSR]26,2043.333,1.6268,2.37365,3.2637,3188.08,0.42678,0.262343
2020[Co][nan]3[FSR]3,4582.602,0.964058,9.68236,10.62807,4251.39,0.60226,0.624714
2020[Co][nan]3[FSR]4,7189.248,1.09146,3.56652,5.79247,4610.09,0.52334,0.479486
2020[Co][nan]3[FSR]5,3698.612,1.06876,7.43378,9.22018,4516.24,0.53306,0.498764
2020[Co][nan]3[FSR]6,1084.342,1.03447,6.11171,8.05301,3691.29,0.6131,0.592668
2020[Co][nan]3[FSR]7,1084.342,1.00593,6.65179,8.44237,3684.91,0.62358,0.619901
2020[Co][nan]3[FSR]8,1938.938,1.28942,3.54214,5.09434,4065.61,0.48276,0.3744
2020[Co][nan]3[FSR]9,3217.984,0.700823,5.11667,6.53405,4761.14,0.70034,0.99931
2020[Co][nbo]3[FSR]1,1366.005,0.908128,10.48012,11.21785,4686.31,0.60096,0.661757
2020[Co][nia]3[FSR]1,1994.964,0.898639,4.51307,8.68123,3967.81,0.6424,0.714859
2020[Co][nia]3[FSR]2,1994.964,0.897519,4.51054,8.64781,3966.77,0.64638,0.720185
2020[Co][pts]3[FSR]1,1540.596,0.75059,5.94895,6.95463,4141.38,0.70672,0.941552
2020[Co][rob]3[FSR]1,2165.54,1.18713,3.38724,5.62438,4710.69,0.47962,0.404015
2020[Co][sql]2[FSR]1,1327.118,1.18114,2.41092,4.8313,4930.32,0.46596,0.394499
2020[Co][sql]2[FSR]2,1266.964,1.11271,4.26436,5.54258,4765.74,0.5056,0.454387
2020[Co][sql]2[FSR]3,1266.964,1.12404,4.23874,5.38325,4763.78,0.49948,0.44436
2020[Co][tfz]3[FSR]1,2513.312,0.8825,6.83273,8.29384,4150.55,0.63916,0.724261
2020[CuCe][nan]2[FSR]1,10770.352,2.12579,2.42979,4.33594,3293.77,0.40684,0.191383
2020[CuSb][sql]2[FSR]1,1101.632,1.25967,8.76669,9.22397,3366.62,0.61918,0.491542
2020[CuSi][pcu]2[FSR]1,2392.056,1.13663,5.80628,6.60595,4621.84,0.53658,0.472078
2020[CuSi][pcu]2[FSR]2,1196.028,1.40902,2.27821,3.71461,4543.96,0.42484,0.301515
2020[CuSi][pcu]3[FSR]1,1196.028,1.37362,2.77656,3.76701,4568.32,0.43798,0.31885
2020[Cu][ant]2[FSR]1,975.876,1.42679,3.82441,4.6449,4469.97,0.41616,0.291675
2020[Cu][bcs]3[FSR]1,7870.08,0.965779,5.74455,6.39943,3529.55,0.70198,0.726853
2020[Cu][dia]3[FSR]3,1808.628,0.821251,9.85928,11.14562,4775.19,0.64836,0.789478
2020[Cu][eea]3[FSR]1,1467.894,1.17921,5.0948,7.83209,3461.72,0.60824,0.515801
2020[Cu][hbt]2[FSR]1,5336.904,1.47054,3.60346,5.05011,4121.25,0.48846,0.332163
2020[Cu][kgm]2[FSR]1,1732.476,1.42992,6.20824,6.78992,4435.06,0.44546,0.311529
2020[Cu][lil]3[FSR]1,4654.2,0.651512,9.95065,10.5152,4543.37,0.73356,1.12593
2020[Cu][nan]2[FSR]1,12197.408,1.62361,3.76448,5.3167,3810.5,0.47546,0.292841
2020[Cu][nan]2[FSR]2,12197.408,1.62361,3.75448,5.31593,3811.17,0.47522,0.292694
2020[Cu][nan]2[FSR]3,1695.864,0.783586,3.71343,6.17681,5181.28,0.64502,0.823164
2020[Cu][nbo]3[FSR]1,1379.844,0.979363,10.00815,10.63307,4825.08,0.57518,0.5873
2020[Cu][pcu]3[FSR]1,3876.936,2.08225,3.76458,5.35053,3229.5,0.42696,0.205048
2020[Cu][pcu]3[FSR]2,11630.808,2.16703,3.83901,5.25034,3149.09,0.40374,0.186311
2020[Cu][rob]3[FSR]1,1086.956,1.50997,3.74703,4.7834,4402.94,0.4151,0.274905
2020[Cu][rob]3[FSR]2,1139.032,1.33688,5.75806,6.02392,4563.41,0.4671,0.349395
2020[Cu][sql]2[FSR]10,2800.652,0.720191,4.22333,7.03077,5027.25,0.68318,0.948609
2020[Cu][sql]2[FSR]2,1663.648,1.12755,2.28365,5.84288,4873.21,0.5166,0.458161
2020[Cu][sql]2[FSR]3,3547.616,0.882092,5.23757,6.43409,4999.72,0.61562,0.697909
2020[Cu][sql]2[FSR]4,4740.624,1.31298,3.01258,3.91646,4895.68,0.45602,0.347318
2020[Cu][sql]2[FSR]5,2159.964,1.25759,2.41698,4.77779,4937.44,0.46282,0.36802
2020[Cu][sql]2[FSR]6,1695.864,0.766394,3.55294,6.3821,5150.88,0.6543,0.853739
2020[Cu][tbo]3[FSR]1,2419.488,0.887233,6.78569,13.27585,3299.78,0.72202,0.813788
2020[Dy][nan]3[FSR]1,3370.92,1.73262,2.61462,3.36442,3909.12,0.37888,0.218675
2020[Er][nan]3[FSR]1,3370.92,1.73582,2.78999,3.57562,3892.44,0.38128,0.219654
2020[Eu][bnn]3[FSR]1,1130.594,1.35056,2.72095,4.40099,3772.65,0.52358,0.387678
2020[Eu][flu]3[FSR]1,1266.714,1.08722,4.82418,6.83823,3911.77,0.6009,0.552696
2020[Eu][nan]3[FSR]1,4586.632,1.70098,2.85484,3.53482,4003.54,0.37638,0.221272
2020[Eu][nan]3[FSR]2,2869.08,1.25383,6.29607,7.18562,3229.34,0.59294,0.472902
2020[Eu][nan]3[FSR]3,1996.97,1.58487,3.6575,4.49663,3463.08,0.45788,0.288908
2020[Eu][pcu]3[FSR]1,1928.66,1.29224,3.16277,6.22542,3420.49,0.58702,0.454267
2020[Eu][sql]2[FSR]1,3065.14,1.79086,4.02158,4.81421,3383.36,0.44208,0.246854
2020[FeAl][rna]3[FSR]1,559.944,1.516,3.37899,4.01296,3604.66,0.4265,0.281333
2020[Fe][hcb]2[FSR]1,3922.132,1.26567,6.59237,7.94542,3304.51,0.59634,0.471167
2020[Fe][hcb]2[FSR]2,792.207,0.175207,15.58313,22.94791,4284.26,0.92854,5.29967
2020[Fe][nan]3[FSR]1,2260.2,1.1084,5.39566,7.07184,4193.48,0.5603,0.505502
2020[Fe][tbo]3[FSR]1,2764.416,0.450439,8.92157,21.24709,3992.44,0.82582,1.83337
2020[Fe][tbo]3[FSR]2,2764.416,0.449851,8.90867,21.31123,4001.02,0.82758,1.83968
2020[GdCu][nan]2[FSR]1,1405.898,1.38159,3.62347,5.7887,3880.4,0.5425,0.392665
2020[GdZn][sqp]3[FSR]1,3580.548,1.10693,3.7169,7.29121,4034.79,0.57348,0.51808
2020[Gd][nan]2[FSR]1,1184.1,2.49094,2.31287,2.984,2682.14,0.34264,0.137554
2020[Gd][nan]3[FSR]1,3370.92,1.71457,2.8511,3.55249,3959.55,0.3746,0.21848
2020[Gd][pcu]3[FSR]1,1320.804,1.30924,3.16503,6.22737,3367.23,0.58688,0.44826
2020[Gd][sql]2[FSR]1,1849.428,1.80765,4.05726,4.874,3365.59,0.44318,0.245169
2020[Ho][nan]3[FSR]1,4690.36,1.73595,2.88228,3.52481,3900.21,0.38062,0.219257
2020[In][hcb]2[FSR]1,850.522,1.03046,7.14786,8.42452,3113.28,0.6995,0.678822
2020[In][nan]3[FSR]1,1914.758,2.00459,3.05497,5.03534,2565.08,0.50434,0.251592
2020[La][pts]3[FSR]1,1572.188,1.68393,5.40146,5.66023,2592.57,0.51526,0.305986
2020[Mg][nan]3[FSR]1,836.214,1.04802,7.3878,8.72563,3856.71,0.58446,0.557682
2020[Mg][nan]3[FSR]2,2357.332,0.813906,8.81354,10.09972,4368.57,0.64658,0.794416
2020[Mg][nan]3[FSR]3,1178.666,0.827764,8.43917,9.8991,4407.09,0.6445,0.778604
2020[Mg][nan]3[FSR]4,2357.332,0.834085,8.2007,9.67582,4402.75,0.63688,0.763567
2020[Mg][nan]3[FSR]5,1178.666,0.841078,8.21561,9.78294,4365.81,0.63748,0.757932
2020[Mg][nia]3[FSR]1,1781.268,0.791044,4.31377,8.53784,4679.89,0.64684,0.817704
2020[Mg][nia]3[FSR]2,1787.196,0.797815,4.46326,8.64653,4638.55,0.64536,0.808909
2020[Mg][nia]3[FSR]3,1787.196,0.809765,4.37801,8.55274,4600.68,0.64132,0.791983
2020[Mg][rtl]3[FSR]1,1074.044,1.32281,2.17537,4.11995,4823.57,0.40592,0.306862
2020[Mn][ant]3[FSR]1,2196.832,1.10182,3.97603,6.75372,3962.28,0.56208,0.510137
2020[Mn][kgd]2[FSR]1,2277.408,0.970864,5.10877,7.62045,4867.74,0.56782,0.58486
2020[Mn][nan]3[FSR]1,2821.744,1.23935,3.22066,4.93668,4428.07,0.46392,0.374326
2020[Mn][nan]3[FSR]3,1572.33,1.55795,4.00141,4.84348,3561.7,0.42092,0.270175
2020[Mn][sql]2[FSR]1,1067.636,1.16763,5.15864,7.6639,4673,0.49728,0.425887
2020[Nd][nan]3[FSR]1,2137.164,1.59555,4.31725,5.39292,3314.33,0.50356,0.315603
2020[NiMn][nan]3[FSR]1,5167.866,1.27664,4.29329,6.02347,3958.88,0.50094,0.392391
2020[Ni][dia]3[FSR]1,2120.94,0.805392,7.05303,8.26266,5087.19,0.63216,0.784909
2020[Ni][kgd]2[FSR]1,1067.887,0.77079,4.78496,8.72752,5149.08,0.63324,0.821547
2020[Ni][nan]2[FSR]1,2057.985,1.1547,3.20144,5.04664,5015.89,0.4812,0.416731
2020[Ni][nan]3[FSR]3,4740.612,0.676112,4.60513,18.13404,4436.08,0.72102,1.06642
2020[Ni][sql]2[FSR]1,1300.452,1.43003,2.17768,4.49488,4905.19,0.37896,0.265001
2020[Pr][nan]3[FSR]1,4370.904,1.51667,4.38599,7.70802,3726.02,0.4765,0.314176
2020[Pr][pts]3[FSR]1,1016.568,1.72802,5.32784,5.58764,2553.85,0.50838,0.294199
2020[Sm][nan]3[FSR]1,3370.92,1.67107,2.81988,3.56066,4047.38,0.3851,0.230451
2020[TbIn][nan]3[FSR]1,3130.976,1.14162,6.29302,8.80596,3373.19,0.614,0.537832
2020[Tb][hcb]2[FSR]1,4699.848,1.3838,4.07019,5.71864,4623.78,0.43576,0.314902
2020[Tb][nan]3[FSR]1,4642.32,1.71949,2.77635,3.54391,3941.22,0.38238,0.222379
2020[Tb][nan]3[FSR]2,2910.846,1.27052,6.29629,7.19811,3191.09,0.59678,0.469713
2020[Tb][pcu]3[FSR]1,1956.504,1.31765,3.17683,6.25139,3333.76,0.58718,0.445628
2020[Ti][srs]3[FSR]1,3194.544,0.641889,4.1592,9.47492,4312.21,0.7369,1.14802
2020[U][hcb]2[FSR]2,656.1,1.71971,3.67365,5.53669,2256.12,0.67496,0.392485
2020[U][hcb]2[FSR]3,656.1,1.70761,3.74779,5.5795,2231.36,0.67936,0.397844
2020[V][nan]3[FSR]1,924.228,1.11033,6.96931,7.09076,3444.87,0.59106,0.53233
2020[V][nan]3[FSR]2,924.228,1.11183,6.98626,7.09203,3442.22,0.59092,0.531484
2020[V][nan]3[FSR]3,1840.392,1.13183,7.00357,7.18306,3314.88,0.5955,0.52614
2020[Y][mog]3[FSR]1,570.336,1.38949,4.86385,5.75595,3565.09,0.50952,0.366695
2020[Y][nan]3[FSR]1,480.24,1.98283,2.65049,3.36101,3172.44,0.34172,0.17234
2020[Y][nan]3[FSR]2,480.24,1.95641,2.61455,3.42389,3188.28,0.35012,0.178961
2020[YbCu][stp]3[FSR]1,1954.32,2.03966,5.08852,6.99405,2926.18,0.41622,0.204063
2020[Yb][nan]3[FSR]1,3370.92,1.80285,2.63681,3.33516,3772.17,0.37038,0.205442
2020[Zn][bbf]3[FSR]1,1943.316,1.25677,3.42918,4.55007,5155.68,0.45398,0.361227
2020[Zn][bey]2[FSR]1,997.464,1.2193,4.14554,5.02744,4743.1,0.49426,0.405365
2020[Zn][bey]2[FSR]2,2352.632,1.41658,2.88512,4.82527,4289.3,0.46024,0.324894
2020[Zn][dia]3[FSR]1,1358.464,1.04759,3.8424,5.10958,4574.94,0.59322,0.566269
2020[Zn][fgl]3[FSR]1,1479.186,1.01045,5.8044,8.61383,4032.93,0.649,0.642286
2020[Zn][fgl]3[FSR]2,1395.024,1.00528,7.98061,8.61802,3838.12,0.6645,0.66101
2020[Zn][fsc]3[FSR]1,2171.248,1.31486,2.42402,3.98072,4643.5,0.44872,0.341268
2020[Zn][hcb]2[FSR]2,5047.224,1.39429,3.45504,4.07411,4694.67,0.44038,0.315845
2020[Zn][nan]2[FSR]1,1236.29,1.45129,6.28404,7.16487,3123.15,0.60456,0.416567
2020[Zn][nan]3[FSR]1,2340.588,1.40918,6.11281,6.63592,4305.1,0.4625,0.328205
2020[Zn][nan]3[FSR]10,1100.756,1.85988,3.615,3.95343,3247.17,0.42386,0.227897
2020[Zn][nan]3[FSR]11,1104.788,1.7212,3.58108,4.63483,3280.37,0.46204,0.26844
2020[Zn][nan]3[FSR]12,2209.576,1.46035,5.38692,6.81178,3250.42,0.55184,0.377883
2020[Zn][nan]3[FSR]13,1104.788,1.75109,4.14032,4.693,3155.19,0.46424,0.265115
2020[Zn][nan]3[FSR]14,2209.576,1.43309,5.39065,6.72341,3250.64,0.56214,0.392258
2020[Zn][nan]3[FSR]15,1413.144,1.76145,3.87063,4.58968,4064.28,0.36398,0.206637
2020[Zn][nan]3[FSR]16,4665.52,1.1595,3.77846,5.70571,4469.35,0.54988,0.474238
2020[Zn][nan]3[FSR]17,933.826,1.89242,2.7368,3.70129,3668.96,0.38598,0.203961
2020[Zn][nan]3[FSR]18,1857.42,0.909023,8.18257,8.49085,4279.11,0.65572,0.721346
2020[Zn][nan]3[FSR]19,1138.25,1.02488,6.32129,8.78178,3868.67,0.65878,0.642789
2020[Zn][nan]3[FSR]2,1943.012,1.48054,4.73698,5.14688,4678.31,0.3799,0.256596
2020[Zn][nan]3[FSR]20,1110.004,1.48338,4.624,5.20335,4132.44,0.48336,0.325851
2020[Zn][nan]3[FSR]3,4719.052,1.3228,2.45694,5.14255,4646.34,0.45754,0.345888
2020[Zn][nan]3[FSR]55,917.904,1.54077,2.74617,3.94097,3538.56,0.49912,0.323943
2020[Zn][nan]3[FSR]56,917.904,1.54948,2.70222,4.06796,3518.05,0.4955,0.319785
2020[Zn][nan]3[FSR]57,917.904,1.54099,2.7482,3.92875,3534.56,0.49946,0.324117
2020[Zn][nan]3[FSR]58,917.904,1.5447,2.83686,4.04004,3537.56,0.50212,0.32506
2020[Zn][nan]3[FSR]6,3522.28,1.36643,2.68446,4.8256,3790.58,0.5199,0.38048
2020[Zn][nan]3[FSR]7,6557.824,0.517313,10.45475,16.51533,4322.02,0.7956,1.53795
2020[Zn][nan]3[FSR]8,3390.678,1.41341,5.60275,7.08404,4313.56,0.46932,0.332047
2020[Zn][nan]3[FSR]9,1791.618,1.49695,5.23684,7.25206,4341.1,0.42682,0.285127
2020[Zn][pcu]3[FSR]2,2335.7,1.0131,8.38551,9.16655,5097.13,0.5467,0.539632
2020[Zn][qtz]3[FSR]1,1018.848,1.28441,7.05601,7.93137,4569.85,0.50318,0.391759
2020[Zn][sql]2[FSR]1,923.564,1.20147,4.26061,4.95611,4856.04,0.47842,0.398194
2020[Zn][sql]2[FSR]2,1428.626,1.26347,4.05612,5.29303,4735.51,0.48398,0.383056
2020[Zn][tfz]3[FSR]1,11898.768,0.872302,6.30347,9.63054,4571.68,0.63374,0.726514
2020[Zn][tfz]3[FSR]2,9993.504,0.95221,6.54298,9.63082,4626.48,0.6018,0.632004
2020[Zr][hex]3[FSR]1,3320.064,1.10193,5.53626,8.89938,2954.03,0.6391,0.579981
2020[Zr][nan]3[FSR]1,3241.071,0.796814,10.24177,10.68068,3455.36,0.71104,0.892354
2020[Zr][nan]3[FSR]2,3841.791,0.934177,6.11302,7.89942,3755.61,0.63964,0.68471
2020[Zr][sod]3[FSR]1,17483.328,0.345229,21.21992,38.91559,4319.33,0.85526,2.47737
2021[Ag][nan]3[FSR]1,1185.56,1.38549,8.74983,9.77195,3116.11,0.62,0.447495
2021[Al][nan]3[FSR]23,720.46,1.04921,6.82522,6.9967,3643.86,0.58372,0.556341
2021[Cd][flu]3[FSR]1,1075.724,1.547,3.47971,4.50651,3518.21,0.50082,0.323736
2021[Cd][hcb]2[FSR]1,1582.288,1.27175,3.56763,7.27924,4446.4,0.4909,0.386004
2021[Cd][kag]3[FSR]1,3076.608,0.580835,14.42961,18.49829,4384.12,0.77732,1.33828
2021[Cd][nan]2[FSR]1,2575.944,1.39413,2.39684,4.50498,4694.73,0.42088,0.301894
2021[Cd][nan]2[FSR]2,1253.878,1.22749,3.4667,4.79661,4690.85,0.49528,0.403489
2021[Cd][nan]3[FSR]2,3245.172,1.15762,2.84838,7.74736,4542.23,0.53428,0.461533
2021[Cd][pcu]3[FSR]1,2327.468,1.18926,2.31026,5.61702,4682.62,0.51942,0.43676
2021[Cd][pcu]3[FSR]2,2051.072,0.756721,6.42666,8.01925,4288.2,0.7143,0.943941
2021[Cd][pcu]3[FSR]3,4102.144,1.44002,2.86341,5.2984,4270.86,0.45372,0.315079
2021[Cd][pts]3[FSR]1,2011.076,1.2417,3.24863,4.67027,4337.92,0.53276,0.429058
2021[Cd][pts]3[FSR]2,1602.132,1.06943,5.28189,5.95163,4592.43,0.55954,0.523214
2021[Cd][sql]2[FSR]1,3653.92,1.44416,2.55192,3.93642,4244.55,0.45222,0.313137
2021[Cd][sql]2[FSR]2,1095.532,1.1485,3.76933,5.23124,4429,0.56306,0.490255
2021[Cd][tfz]3[FSR]1,2852.64,1.0725,4.51584,6.60193,4387.94,0.58516,0.545602
2021[Cd][tfz]3[FSR]2,2962.8,1.18902,4.9423,6.7142,4480.24,0.52754,0.443677
2021[Cd][tfz]3[FSR]3,2962.8,1.19788,4.87187,7.1737,4456.59,0.52586,0.438992
2021[Cd][tfz]3[FSR]4,1680.614,1.19949,2.23161,5.8322,4594.47,0.51534,0.429634
2021[Ce][flu]3[FSR]1,984.878,0.896589,4.17323,8.48584,3917.99,0.65288,0.728182
2021[Ce][kgd]2[FSR]1,1512.98,1.40957,5.07988,5.72314,3588.99,0.51024,0.361982
2021[Co][ant]3[FSR]1,3149.148,1.36678,2.27535,4.38519,3882.34,0.47402,0.346816
2021[Co][dia]3[FSR]1,1524.852,1.31584,4.03611,4.49053,4191.77,0.46048,0.349952
2021[Co][flu]3[FSR]1,2468.904,1.44453,3.57765,4.47548,3703.18,0.44396,0.307339
2021[Co][nan]2[FSR]1,2671.854,1.39143,3.25343,3.87959,4632.61,0.42518,0.305571
2021[Co][nan]3[FSR]1,1346.73,1.27595,3.63043,5.51135,4239.13,0.4692,0.367725
2021[Co][nan]3[FSR]2,1200.54,1.13022,3.38644,6.08125,3970.82,0.54836,0.48518
2021[Co][nan]3[FSR]3,3942.966,1.20692,4.78249,5.77359,3709.83,0.55586,0.46056
2021[Co][nan]3[FSR]4,4324.932,1.68383,2.71318,4.44896,3385.16,0.3971,0.235832
2021[Co][nan]3[FSR]5,1082.042,1.8299,3.05608,3.77911,2887.62,0.39834,0.217684
2021[Co][nan]3[FSR]6,1082.042,1.59196,4.53798,5.18904,2948.21,0.46866,0.294392
2021[Co][pcu]3[FSR]1,2129.684,1.21954,3.27006,4.76743,4738.99,0.45698,0.374715
2021[Co][rtl]3[FSR]1,1200.54,1.20818,2.65196,4.36261,3906.22,0.52138,0.431543
2021[Co][sql]2[FSR]2,2798.516,1.17146,3.65398,5.8476,5087.19,0.45866,0.391528
2021[Co][sql]2[FSR]3,1917.548,1.08417,5.11966,6.03818,4650.29,0.54262,0.500492
2021[Co][sql]2[FSR]4,1452.764,1.40773,3.73057,4.14943,4445.57,0.41974,0.298169
2021[Co][svk]3[FSR]1,2617.372,1.10593,3.55948,6.28599,4268.27,0.5452,0.492981
2021[CuMn][tfz]3[FSR]1,3182.47,1.09022,3.69565,6.15938,4714.24,0.52738,0.483736
2021[CuMn][tfz]3[FSR]2,3182.47,0.986844,5.39916,7.3738,4752.78,0.56526,0.572796
2021[Cu][bex]2[FSR]1,2681.892,1.05286,5.05883,6.66742,4656.35,0.56964,0.541039
2021[Cu][dia]3[FSR]1,1687.88,1.06374,3.36613,4.58508,5142.81,0.5162,0.48527
2021[Cu][djg]3[FSR]1,2032.408,1.17634,4.10058,6.97784,3764.17,0.58534,0.497596
2021[Cu][eea]3[FSR]1,2182.488,1.05888,3.92663,9.17347,4095.95,0.60314,0.569601
2021[Cu][pcu]3[FSR]1,1923.868,1.15333,4.43281,5.9997,4860.82,0.50778,0.440272
2021[Cu][pcu]3[FSR]2,1923.868,1.14995,4.44747,5.9978,4869.16,0.50364,0.437966
2021[Cu][pcu]3[FSR]3,3519.152,0.621353,9.30371,11.65883,4651.36,0.7434,1.19642
2021[Cu][sql]2[FSR]1,3679.584,1.23582,3.48311,4.69915,4858.69,0.46394,0.375411
2021[Cu][sql]2[FSR]2,1255.84,1.27691,3.65245,4.32549,4729.91,0.49184,0.385179
2021[Cu][sql]2[FSR]4,1314.552,1.73659,4.16597,4.66581,3363.01,0.53004,0.305218
2021[Cu][sql]2[FSR]5,2482.364,1.1346,3.90947,5.09034,4671.41,0.53706,0.473349
2021[Cu][sql]2[FSR]6,2112.472,0.358334,7.90551,12.24169,5207.45,0.83164,2.32085
2021[Cu][sql]2[FSR]7,1783.896,0.989302,4.46906,5.80093,4483.23,0.60106,0.60756
2021[Cu][sql]2[FSR]8,1976.04,1.13227,3.80324,5.7392,5060.51,0.49718,0.439099
2021[Cu][sql]2[FSR]9,1952.008,1.14452,4.99366,7.11342,5056.58,0.48758,0.426011
2021[Dy][nan]3[FSR]1,480.24,2.41557,2.62984,3.4249,2579.74,0.34766,0.143924
2021[Dy][nan]3[FSR]2,480.24,2.3825,2.65954,3.43988,2622.14,0.35118,0.1474
2021[Er][nan]3[FSR]1,810.1,2.44107,2.65263,3.42943,2571.44,0.34266,0.140373
2021[Er][nan]3[FSR]2,480.24,2.44413,2.60024,3.30935,2542.9,0.34696,0.141956
2021[Eu][fcu]3[FSR]1,2600.766,0.819531,7.21484,13.70548,3102.54,0.7491,0.91406
2021[Eu][kgd]2[FSR]1,2120.836,1.46165,5.06118,5.76606,3416.56,0.51146,0.349921
2021[Eu][nan]3[FSR]2,3273.32,1.43096,7.74888,7.87258,3129.54,0.54642,0.381856
2021[Eu][pcu]3[FSR]1,2817.212,1.96648,2.80356,3.32877,3635.22,0.32218,0.163836
2021[Eu][pts]3[FSR]1,3377.116,1.7775,3.14644,4.43012,3103.68,0.46472,0.261446
2021[Fe][bpq]3[FSR]1,473.936,1.17541,4.92571,5.3529,3646.9,0.56716,0.482519
2021[GeNi][pcu]3[FSR]1,332.861,1.81188,3.28853,4.09628,3122.17,0.4074,0.224849
2021[Hf][sqc]3[FSR]1,4928.176,1.20336,5.24898,9.19603,2701.41,0.66564,0.55315
2021[Ho][nan]3[FSR]1,798.09,2.34898,2.6576,3.46424,2668.88,0.35208,0.149886
2021[Ho][nan]3[FSR]2,810.1,2.40906,2.61709,3.31799,2590.03,0.34938,0.145027
2021[In][nan]3[FSR]2,5401.836,0.851114,5.60775,10.07495,3999.75,0.67636,0.794677
2021[La][fsc]3[FSR]1,1926.696,1.34906,4.75335,6.17716,3787.48,0.52092,0.386137
2021[La][kgd]2[FSR]1,2068.6,1.38177,5.11347,5.8566,3687.21,0.51414,0.372088
2021[MnSi][kgd]2[FSR]1,4186.44,1.12436,3.1293,5.70894,4568.17,0.51568,0.458644
2021[Mn][dia]3[FSR]1,3543.208,0.736026,5.36649,10.29679,4784.4,0.66606,0.90494
2021[Mn][nan]2[FSR]1,868.156,1.80299,3.58081,3.93617,3500.07,0.3421,0.189741
2021[Mn][nan]2[FSR]2,1594.178,1.05758,5.24567,6.06802,4515.41,0.53414,0.505057
2021[Mn][sql]2[FSR]1,2331.372,1.13325,3.69621,5.86758,4730.23,0.5155,0.454886
2021[Mo][lvt]3[FSR]1,3403.008,1.0384,5.72342,6.79293,4203.64,0.594,0.572035
2021[Nd][kgd]2[FSR]1,1512.98,1.42763,5.06489,5.88282,3518.34,0.50988,0.357151
2021[Pb][llj]2[FSR]1,920.716,2.29138,2.51314,3.52066,2757.73,0.38062,0.16611
2021[Pb][nan]3[FSR]1,1484.772,3.13877,2.82581,3.14223,2187.01,0.29924,0.0953368
2021[Pr][kgd]2[FSR]1,1512.98,1.45307,4.9769,5.83059,3485.15,0.50176,0.345311
2021[Sc][qtz]3[FSR]1,528.108,1.3921,2.94067,3.39138,3273.8,0.51896,0.37279
2021[Sm][kgd]2[FSR]1,1512.98,1.4491,5.05079,5.79661,3476.54,0.51114,0.35273
2021[Tb][nan]3[FSR]1,2845.056,2.00315,2.77615,3.29699,3562.32,0.31742,0.15846
2021[Tb][nan]3[FSR]2,480.24,2.45166,2.5773,3.8896,2530.14,0.348,0.141945
2021[Tb][nan]3[FSR]3,798.09,2.35115,2.66653,3.47134,2670.75,0.35312,0.15019
2021[Th][fcu]3[FSR]1,1665.27,0.931236,7.11938,13.67888,2784.83,0.7428,0.79765
2021[Th][fcu]3[FSR]2,1208.682,1.64417,4.31767,7.88065,2306.77,0.61116,0.371715
2021[Tm][nan]3[FSR]1,480.24,2.45199,2.57894,3.42967,2536.46,0.34802,0.141934
2021[Tm][nan]3[FSR]2,480.24,2.46357,2.60886,3.42215,2540.71,0.3419,0.138783
2021[Y][pcu]3[FSR]1,1665.27,0.668328,6.49595,11.50729,3689.28,0.75288,1.12651
2021[ZnPb][llj]3[FSR]1,1051.476,1.64147,2.96242,4.57296,3328.14,0.4924,0.299975
2021[Zn][bcg]3[FSR]1,4547.704,1.11663,2.65955,5.6368,4393.16,0.5626,0.503839
2021[Zn][dmp]3[FSR]1,3342.16,1.16643,5.84828,6.53326,5118.57,0.48888,0.419126
2021[Zn][fit]3[FSR]1,1416.95,1.24334,4.36134,5.78655,3782.21,0.57638,0.463576
2021[Zn][fsc]3[FSR]1,1051.698,1.28747,2.85538,4.46057,4772.54,0.44272,0.343869
2021[Zn][fsc]3[FSR]2,1103.774,1.19759,2.91463,6.40262,4889.99,0.47282,0.394808
2021[Zn][hcb]2[FSR]1,1488.22,1.22503,3.24728,5.32631,4750.49,0.47982,0.39168
2021[Zn][kgd]2[FSR]1,1070.9,1.1795,4.04314,5.63366,4545.5,0.52744,0.447171
2021[Zn][nan]3[FSR]1,974.574,1.21914,10.83931,11.62733,2679.68,0.66592,0.54622
2021[Zn][nan]3[FSR]10,1709.224,1.28059,3.47962,5.28302,4055.74,0.55386,0.432505
2021[Zn][nan]3[FSR]11,3402.64,0.901398,6.32449,9.37408,4212.36,0.67822,0.752409
2021[Zn][nan]3[FSR]12,1214.424,1.26612,3.83987,5.00517,4328.36,0.50952,0.402427
2021[Zn][nan]3[FSR]13,4351.084,1.29542,2.53338,4.46033,4796.25,0.43874,0.338685
2021[Zn][nan]3[FSR]2,974.574,1.21695,10.87758,11.64853,2674.07,0.66504,0.54648
2021[Zn][nan]3[FSR]3,2700.608,0.750209,7.33401,8.39434,4299.83,0.72204,0.962452
2021[Zn][nan]3[FSR]4,3454.56,0.813435,7.6745,9.88194,3795.25,0.72384,0.889856
2021[Zn][nan]3[FSR]5,3686.848,1.08756,8.90649,9.23943,3670.88,0.67784,0.623269
2021[Zn][nan]3[FSR]6,1605.2,0.953025,5.69069,8.64255,4319.41,0.65786,0.690286
2021[Zn][nan]3[FSR]7,1613.104,0.966907,5.20827,9.4584,4027.91,0.66712,0.689953
2021[Zn][nan]3[FSR]8,1709.224,0.934417,5.61011,9.08794,3984.9,0.67808,0.725672
2021[Zn][nan]3[FSR]9,1701.32,0.909021,5.62669,8.60943,4201.76,0.66494,0.73149
2021[Zn][sqc]3[FSR]1,2626.32,1.02219,6.45473,10.24751,4514.58,0.59008,0.577268
2021[Zn][sql]2[FSR]2,2046.374,0.847317,6.44485,9.51483,4609.1,0.6608,0.779874
2021[Zn][srs]3[FSR]1,1318.468,1.19837,3.89187,4.47643,4707.7,0.52972,0.442034
2021[Zn][tfz]3[FSR]1,3381.066,1.2956,3.47141,6.98314,4523.75,0.47196,0.36428
2021[Zn][zst]3[FSR]1,4206.632,0.994822,10.34801,10.89068,4693.15,0.57676,0.579762
2022[Cd][crb]3[FSR]1,2492.416,1.86412,3.32881,4.50914,3580.76,0.40908,0.21945
2022[Cd][fes]2[FSR]1,1848.92,1.58874,2.7011,4.43645,4227.75,0.40678,0.256039
2022[Cd][nan]2[FSR]1,3789.56,1.14817,5.50156,6.73321,5140.59,0.4768,0.41527
2022[Cd][nan]3[FSR]1,3625.78,1.32218,5.29154,6.52646,4154.76,0.50668,0.383215
2022[Cd][nuc]3[FSR]1,3573.256,1.10193,3.88669,4.92889,4957.15,0.51432,0.466744
2022[Cd][pcu]3[FSR]1,2948.44,1.02792,4.35738,6.92977,4851.79,0.55492,0.539848
2022[Cd][sql]2[FSR]1,1237.776,1.33111,2.36851,5.68434,4564.3,0.46364,0.348311
2022[Co][bcg]3[FSR]1,1666.526,0.944958,5.53341,6.6772,3897.95,0.63494,0.671924
2022[Co][gra]3[FSR]1,3940.42,1.29727,2.17637,5.07114,4529.78,0.45384,0.349842
2022[Co][hxl]2[FSR]1,1480.094,1.18193,3.71697,5.48977,3754.54,0.56786,0.48045
2022[Co][nan]3[FSR]1,5807.316,0.733345,6.91851,8.59564,4006.93,0.70538,0.961867
2022[CuIn][dia]3[FSR]1,11208.816,1.17296,4.2915,7.91534,4065.43,0.55604,0.474049
2022[Cu][bnn]3[FSR]1,3174.784,1.71659,3.53651,4.45053,3843.84,0.37454,0.218189
2022[Cu][sql]2[FSR]1,6703.088,0.800348,6.84373,9.44871,4284.3,0.70198,0.877093
2022[Cu][sql]2[FSR]2,6254.544,0.865402,5.82608,9.693,4198.36,0.68384,0.790199
2022[Cu][sql]2[FSR]3,6478.976,0.882166,5.28611,7.74732,4319.22,0.67032,0.759857
2022[Er][pcu]3[FSR]1,1208.976,1.54334,4.42994,5.69144,3743.01,0.4302,0.278746
2022[Eu][cco]3[FSR]1,2843.206,1.88142,3.2535,4.43827,2847.45,0.44178,0.234812
2022[Eu][hcb]2[FSR]1,4595.708,1.32329,3.8275,5.37546,4855.64,0.43576,0.329299
2022[Eu][hcb]2[FSR]2,3148.49,1.28605,2.43426,5.48893,4476.71,0.47512,0.369441
2022[Eu][nan]3[FSR]1,5787.152,1.45236,3.1049,4.84089,3994.21,0.46384,0.319369
2022[Eu][nan]3[FSR]2,2978,1.2549,5.24757,6.01175,4234.21,0.50914,0.40572
2022[Eu][pts]3[FSR]1,2245.26,1.5192,2.79295,4.46907,4130.6,0.44086,0.290193
2022[Gd][hcb]2[FSR]1,3987.852,1.36943,3.55599,5.17949,4842.08,0.42024,0.306872
2022[In][kgm]2[FSR]1,2670.156,1.17906,3.18144,8.70658,3716.09,0.59388,0.50369
2022[In][nan]3[FSR]1,975.46,1.31584,6.47311,6.99137,2724.16,0.65424,0.497203
2022[In][nan]3[FSR]2,975.46,1.31754,6.47203,6.98033,2720.68,0.65234,0.495118
2022[Ni][crb]3[FSR]1,1888.328,1.06597,3.73668,6.25769,4619.09,0.5451,0.511365
2022[Ni][kgd]2[FSR]1,945.721,0.827768,3.23317,9.75366,5092.67,0.61074,0.737815
2022[Ni][kgd]2[FSR]2,945.721,0.815754,3.34396,9.93786,5066.61,0.62004,0.760082
2022[Ni][nan]3[FSR]1,1311.808,1.1092,6.19081,6.8055,4374.48,0.55208,0.49773
2022[Sc][nan]3[FSR]1,720.46,1.01537,7.12073,7.26158,3761.65,0.60438,0.595229
2022[Sm][nan]3[FSR]1,1038.594,1.95887,2.49473,3.46362,3283.39,0.3981,0.20323
2022[Tb][hcb]2[FSR]1,4623.552,1.33951,3.76418,5.3418,4800.91,0.4333,0.323477
2022[Tb][nan]3[FSR]1,6902.478,1.07791,4.57498,16.5065,3494.14,0.64264,0.596193
2022[Zn][kgd]2[FSR]1,1074.574,0.763129,4.97677,9.27343,5250.87,0.63698,0.834695
2022[Zn][nan]3[FSR]2,8102.972,0.962116,8.51203,13.36303,4418.43,0.63198,0.656864
2022[Zn][nan]3[FSR]3,2366.1,1.12818,3.29127,7.41769,4500.2,0.54798,0.485719
2022[Zn][nan]3[FSR]4,2885.576,0.867138,9.15483,10.21089,4094.39,0.67838,0.78232
2022[Zn][nan]3[FSR]5,2023.748,0.884379,10.53611,11.38744,3662.09,0.71032,0.803185
2022[Zn][nan]3[FSR]6,2023.748,0.88444,10.53272,11.37826,3658.84,0.71016,0.802949
2022[Zn][nan]3[FSR]7,2023.748,0.885418,10.53136,11.38026,3656.07,0.70992,0.801791
2022[Zn][pcu]3[FSR]1,2015.1,0.967358,3.57844,5.39172,4577.07,0.59936,0.619584
2022[Zn][pcu]3[FSR]2,2482.812,0.925547,5.29268,8.44344,4299.2,0.62724,0.677696
2022[Zn][pcu]3[FSR]3,2836.698,1.04643,3.43305,6.69981,4698.42,0.55494,0.530316
2022[Zn][pts]3[FSR]1,2857.564,1.16427,5.63995,6.69644,3638.69,0.62322,0.535288
2022[Zn][pts]3[FSR]2,2857.564,1.17287,5.59193,6.67531,3628.42,0.6213,0.529728
2022[Zn][pts]3[FSR]3,2857.564,1.17232,5.61007,6.66672,3617.13,0.61894,0.527961
2022[Zn][pts]3[FSR]4,2857.564,1.17106,5.61956,6.67456,3622.11,0.62148,0.530699
2022[Zn][pts]3[FSR]5,2857.564,1.16929,5.63155,6.67811,3626.11,0.62226,0.532167
2022[Zn][pts]3[FSR]6,2857.564,1.1718,5.60544,6.66919,3624.37,0.6214,0.530293
2022[Zn][sql]2[FSR]6,1265.882,1.31432,2.82052,4.91763,4910.52,0.42672,0.324671
2022[Zn][sql]2[FSR]7,943.644,1.20811,3.41765,4.79095,5237.84,0.46638,0.386042
2023[Al][nan]3[FSR]1,1368.672,1.10771,3.9904,5.5774,3795.23,0.57544,0.519487
2023[Cd][dia]3[FSR]2,2772.072,1.4381,2.73752,4.17074,4745,0.40312,0.280314
2023[Cd][dmp]3[FSR]1,2555.864,1.15375,2.17298,5.41278,4771.31,0.51388,0.445401
2023[Cd][eta]3[FSR]1,4422.732,1.11962,6.31081,7.87632,3821.43,0.64738,0.578214
2023[Cd][fes]2[FSR]1,3496.6,1.07991,6.36846,7.60521,5009.61,0.53444,0.494893
2023[Cd][fsc]3[FSR]1,1422.066,1.25117,2.79847,4.33662,4791.24,0.47782,0.381897
2023[Cd][kgd]2[FSR]1,550.766,1.70878,3.4566,3.86973,4216.98,0.35578,0.208207
2023[Cd][nan]2[FSR]1,2043.248,1.27081,2.87184,5.00815,4320.15,0.50142,0.394566
2023[Cd][nan]3[FSR]1,1987.14,1.24351,2.6058,5.28539,4216.58,0.51892,0.417304
2023[Cd][nan]3[FSR]2,2636.282,1.13995,5.11973,7.31847,4152.31,0.57748,0.506582
2023[Cd][rtl]3[FSR]1,1101.532,1.3165,3.47458,4.63001,4353.79,0.50112,0.380645
2023[Co][ato]3[FSR]1,2395.368,0.803142,10.40384,11.38605,4355.83,0.66868,0.83258
2023[Co][ato]3[FSR]2,2287.278,0.782894,10.83327,11.73744,4293.35,0.67598,0.863438
2023[Co][hcb]2[FSR]1,3225.688,1.05949,5.78896,7.03139,3919.49,0.57536,0.543053
2023[Co][hcb]2[FSR]2,806.422,1.05931,5.81878,7.06684,3918.59,0.57458,0.542409
2023[Co][nan]2[FSR]1,1817.23,1.43846,3.21043,4.70502,4660.84,0.3822,0.265701
2023[Co][nan]3[FSR]1,1883.022,1.17786,4.93859,7.00779,4181.66,0.52162,0.442852
2023[Co][nan]3[FSR]2,2495.822,1.11602,4.19206,5.72074,4577.13,0.51386,0.460441
2023[Co][sql]2[FSR]1,1300.72,1.13055,4.38783,6.40503,4118.57,0.56024,0.495545
2023[Co][sql]2[FSR]2,766.532,1.23417,2.57739,4.15647,4630.53,0.46924,0.380208
2023[CrMn][qtz]3[FSR]1,4122.228,1.30832,4.72231,5.82674,3511.05,0.56382,0.430948
2023[CuSc][flu]3[FSR]1,4129.326,0.949918,5.59778,9.78974,3768.6,0.68392,0.719978
2023[CuSi][nan]3[FSR]1,2744.128,1.10716,5.01506,5.78138,4639.47,0.55474,0.501048
2023[CuTi][nan]3[FSR]1,2744.128,1.12043,4.88875,5.78782,4597.84,0.5541,0.494542
2023[Cu][ctn]3[FSR]1,3745.692,0.505831,7.56799,9.35477,5112.35,0.7826,1.54716
2023[Cu][nan]3[FSR]3,4379.816,1.30013,5.73813,7.28525,4067.28,0.51046,0.392622
2023[Cu][nan]3[FSR]4,3102.66,0.990781,4.58493,6.85707,4567.75,0.601,0.606592
2023[Cu][sql]2[FSR]1,1888.04,0.599993,5.46009,8.07436,5313.78,0.72266,1.20445
2023[Er][nan]3[FSR]1,1851.792,1.42989,3.36448,5.01548,4199.72,0.46212,0.323186
2023[Eu][bey]2[FSR]1,2886.024,1.22293,3.52866,5.60728,4515.6,0.5054,0.413269
2023[Eu][bey]3[FSR]1,2278.168,1.21376,3.54456,5.61763,4534.87,0.50722,0.41789
2023[Eu][mog]3[FSR]1,1306.876,1.49898,2.63463,5.13688,4091.56,0.42058,0.280578
2023[Eu][nan]2[FSR]1,1487.024,1.26715,4.49012,5.95997,4181.07,0.5068,0.399953
2023[Eu][nan]2[FSR]2,7137.384,1.3302,4.52351,5.96311,4433.47,0.45488,0.341963
2023[Eu][nan]3[FSR]1,7853.392,1.08349,9.69676,11.10449,4239.23,0.56386,0.520409
2023[Eu][nan]3[FSR]2,9174.93,0.806479,25.74871,27.15501,4205.53,0.67696,0.839402
2023[Fe][nan]3[FSR]1,4869.4,1.2805,3.99379,5.63012,3381.37,0.58688,0.458322
2023[Gd][bey]2[FSR]1,2278.168,1.23205,3.54257,5.58424,4465.96,0.50628,0.410924
2023[Gd][nan]3[FSR]1,1851.792,1.38903,3.36495,5.02285,4334.21,0.46524,0.334938
2023[Hf][hcp]3[FSR]1,9772.188,0.837949,8.99991,15.48228,2813.46,0.75862,0.90533
2023[Ho][bey]2[FSR]1,2937.888,1.25252,3.53205,5.61617,4384.24,0.5051,0.403268
2023[Ho][nan]3[FSR]1,2511.512,1.4019,3.60083,5.39417,4239.17,0.46808,0.333891
2023[In][neb]3[FSR]1,3101.824,0.714631,6.7826,8.43343,4478,0.70186,0.982129
2023[In][neb]3[FSR]2,3330.288,0.737421,7.088,9.84935,4653.62,0.68626,0.930621
2023[In][neb]3[FSR]3,3330.288,0.745389,6.99464,9.71655,4667.9,0.67784,0.909377
2023[In][neb]3[FSR]4,3330.288,0.734468,7.04302,9.80699,4698.9,0.68678,0.935071
2023[La][pts]3[FSR]1,942.258,1.31181,5.9405,7.39016,3210.46,0.56438,0.430229
2023[Mg][nan]2[FSR]1,669.126,1.09854,3.26446,4.06355,5116.44,0.5024,0.457333
2023[Mn][nan]3[FSR]1,1662.732,1.15213,4.37008,5.00207,3997.56,0.54558,0.47354
2023[Ni][dia]3[FSR]1,665.858,1.26015,3.7032,4.96892,4353.45,0.50138,0.397873
2023[Ni][sql]2[FSR]1,1436.088,1.38488,3.48764,4.20008,4326.79,0.44442,0.320909
2023[Sc][bpq]3[FSR]1,1124.972,0.951349,5.34971,5.81948,4634.01,0.5827,0.612498
2023[Sc][bpq]3[FSR]2,1124.972,0.933059,5.46835,5.71201,4677.18,0.58966,0.631964
2023[Sc][nan]3[FSR]1,984.696,1.24223,2.84087,3.68909,4088.02,0.49964,0.402212
2023[Sc][nan]3[FSR]10,984.696,1.24359,2.8413,3.69075,4085.39,0.49812,0.400551
2023[Sc][nan]3[FSR]11,984.696,1.2451,2.86039,3.67957,4077.42,0.49842,0.400307
2023[Sc][nan]3[FSR]12,984.696,1.24458,2.83821,3.68508,4081.26,0.49932,0.401196
2023[Sc][nan]3[FSR]13,984.696,1.24544,2.85339,3.69099,4075.91,0.49832,0.400117
2023[Sc][nan]3[FSR]2,984.696,1.24405,2.85238,3.68505,4082.76,0.49956,0.401561
2023[Sc][nan]3[FSR]3,984.696,1.24179,2.84027,3.69657,4090.43,0.4997,0.402403
2023[Sc][nan]3[FSR]4,984.696,1.24158,2.84095,3.69677,4089.84,0.4999,0.402633
2023[Sc][nan]3[FSR]5,984.696,1.24421,2.85713,3.68528,4080.79,0.49936,0.401349
2023[Sc][nan]3[FSR]6,984.696,1.24511,2.86917,3.68742,4074.89,0.49964,0.401282
2023[Sc][nan]3[FSR]7,984.696,1.24332,2.86683,3.69089,4086.19,0.4994,0.401667
2023[Sc][nan]3[FSR]8,984.696,1.24295,2.85364,3.69083,4086.52,0.49982,0.402125
2023[Sc][nan]3[FSR]9,984.696,1.24491,2.82312,3.68045,4084.12,0.4992,0.400991
2023[Sm][nan]2[FSR]1,2459.648,1.36206,3.60015,5.11553,4376.87,0.46898,0.344315
2023[Tb][bey]2[FSR]1,2913.868,1.23713,3.52686,5.61634,4442.99,0.50542,0.408541
2023[Tb][nan]3[FSR]1,2487.492,1.38516,3.6226,5.14516,4304.02,0.46764,0.337608
2023[Th][nan]3[FSR]1,968.76,1.40761,4.33411,4.98521,3330.85,0.5519,0.392084
2023[TiCu][nan]3[FSR]1,5488.256,1.11021,4.91034,5.85613,4606.39,0.56164,0.505886
2023[TiCu][nan]3[FSR]2,2744.128,1.07809,5.24034,6.06478,4708.43,0.57224,0.530788
2023[U][hcb]2[FSR]1,8078.996,1.28961,4.49286,6.39074,3805.36,0.5662,0.439046
2023[U][nan]2[FSR]1,4340.388,1.11106,5.28199,7.04211,3471.4,0.64334,0.579031
2023[V][sea]3[FSR]1,1376.784,1.02943,5.01639,5.91852,4073.16,0.58436,0.567652
2023[Zn][eta]3[FSR]1,7716.648,1.09314,5.77728,7.37769,4241.43,0.61726,0.564667
2023[Zn][eta]3[FSR]2,7716.648,1.07529,5.95423,7.51287,4246.86,0.62332,0.579674
2023[Zn][kgd]2[FSR]2,958.046,1.67217,3.3827,4.08539,3891.06,0.4137,0.247404
2023[Zn][nan]3[FSR]10,2861.812,1.40463,3.41668,5.99546,4162.84,0.49168,0.350043
2023[Zn][nan]3[FSR]11,3365.536,1.52665,2.61709,4.90141,4428.66,0.39776,0.260545
2023[Zn][nan]3[FSR]12,2909.34,1.51073,2.30931,4.46718,4461.98,0.41584,0.275257
2023[Zn][nan]3[FSR]13,1850.352,1.65953,6.85005,7.78674,3312.77,0.51364,0.309509
2023[Zn][nan]3[FSR]14,1583.628,1.43928,7.2751,8.20323,3776.01,0.5206,0.36171
2023[Zn][nan]3[FSR]15,1835.968,1.4371,3.73177,4.41773,3922.62,0.50744,0.353099
2023[Zn][nan]3[FSR]16,2132.352,1.85614,6.36678,7.38612,3005.18,0.50694,0.273116
2023[Zn][nan]3[FSR]17,7520.448,1.1164,3.87214,6.02667,4511.75,0.54594,0.48902
2023[Zn][pcu]3[FSR]1,6671.408,0.891096,6.06437,9.40709,3491.95,0.71474,0.802091
2023[ZrCu][nan]3[FSR]1,3109.024,1.16986,5.15359,6.09647,4361.41,0.55788,0.476879
2023[Zr][hcp]3[FSR]1,7677.804,0.647064,9.03897,15.61742,3621.87,0.7613,1.17654
2024[Cd][dia]3[FSR]1,1438.192,1.20139,3.92412,5.78772,4900.08,0.48056,0.400003
2024[Cd][nan]2[FSR]1,10923.732,1.34933,2.89759,4.23261,4800.3,0.45712,0.338775
2024[Cd][nan]2[FSR]2,4614.776,1.37981,4.02325,5.48967,4335.61,0.45838,0.332206
2024[Cd][nan]3[FSR]2,3425.672,1.57674,3.74929,5.33307,4253.94,0.40726,0.258293
2024[Cd][nan]3[FSR]3,1971.176,1.32368,2.9067,4.67032,4368.53,0.4876,0.368367
2024[Cd][nan]3[FSR]4,7560.852,0.896935,6.28426,10.43686,4197.85,0.6694,0.74632
2024[Cd][nan]3[FSR]5,2672.312,1.15553,5.12344,7.31492,4191.38,0.57078,0.493954
2024[Cd][nan]3[FSR]6,13277.04,0.85937,7.16286,9.929,4547.85,0.64838,0.754483
2024[Cd][nia]3[FSR]1,2321.848,0.920364,4.97016,9.37488,3916.65,0.68064,0.739533
2024[Cd][pcu]3[FSR]1,4414.888,1.27726,3.11621,5.17181,4498.73,0.48868,0.382601
2024[Cd][sql]2[FSR]1,1039.728,1.31913,3.48809,4.6339,4743.01,0.46348,0.351353
2024[Co][nan]3[FSR]1,2201.064,1.28979,9.22458,9.66687,3935.22,0.49286,0.382125
2024[Co][nan]3[FSR]2,2044.788,0.997151,4.85825,6.22456,3877.67,0.61364,0.615393
2024[Co][pcu]3[FSR]1,2053.5,1.26962,3.52253,5.1316,4662.77,0.44086,0.347238
2024[Co][pcu]3[FSR]2,1279.76,1.23746,4.76425,8.84998,2777.87,0.62012,0.501125
2024[Co][sql]2[FSR]1,3339.34,1.02179,3.76937,5.45999,5096.64,0.51494,0.503957
2024[Co][sql]2[FSR]2,834.486,1.06693,4.77056,5.69911,4422.17,0.55848,0.523445
2024[Co][sql]2[FSR]3,2229.696,1.23449,3.9773,4.47376,4882.54,0.45366,0.367489
2024[CuCe][nan]3[FSR]1,893.184,1.8116,3.25263,4.64762,2869.84,0.48434,0.267355
2024[Cu][nan]3[FSR]1,3104.272,1.1089,4.3151,6.64165,3952.26,0.60434,0.544989
2024[Cu][pcu]3[FSR]1,2702.736,1.43071,2.66571,3.65033,4443.13,0.41662,0.291198
2024[Cu][pcu]3[FSR]2,5405.472,1.42371,2.33203,4.03129,4415.66,0.41476,0.291323
2024[Cu][sql]2[FSR]1,1535.4,1.2818,3.18367,4.67375,4618.58,0.45744,0.356873
2024[Cu][srs]3[FSR]2,1883.728,1.29449,4.50637,5.05871,4709.75,0.45366,0.350456
2024[Cu][tfz]3[FSR]1,1317.834,1.65828,7.89447,8.13006,3047.14,0.4564,0.275224
2024[Eu][nan]2[FSR]1,3364.848,1.23309,3.80031,5.1316,4621.75,0.47482,0.385066
2024[Eu][nan]3[FSR]1,1026.404,1.93704,2.2203,4.96239,3187.81,0.35948,0.185582
2024[Eu][nan]3[FSR]2,2249.288,1.32557,3.50103,4.9204,3790.45,0.52206,0.393838
2024[Eu][sql]2[FSR]1,1672.59,1.56281,5.74843,7.1422,3275.69,0.5119,0.327551
2024[Fe][bpq]3[FSR]1,944.316,1.75621,3.63914,3.7988,4009.86,0.30626,0.174387
2024[Hf][pcu]3[FSR]1,3096.804,1.28757,5.82912,6.72699,3219.22,0.5786,0.449375
2024[La][nan]3[FSR]1,2197.052,1.26253,3.62659,5.02884,4004.26,0.525,0.415831
2024[La][sql]2[FSR]1,1296.76,1.38108,4.19471,5.47929,4577.24,0.44994,0.325789
2024[Mn][pcu]3[FSR]1,3522.376,1.05845,5.25242,6.88278,4325.08,0.5486,0.518303
2024[Mn][pts]3[FSR]1,2109.592,1.19889,3.81211,4.62639,4556.21,0.46476,0.38766
2024[Nd][sql]2[FSR]1,1064.734,1.50737,5.78317,7.2121,3405.89,0.51914,0.344402
2024[Ni][etb]3[FSR]1,3433.194,1.08102,3.78027,7.08121,5201.65,0.5126,0.474183
2024[Ni][fes]2[FSR]2,1864.316,1.26326,4.10654,5.38432,4686.03,0.4576,0.362236
2024[Ni][nan]3[FSR]1,3652.412,1.03017,4.1431,6.90574,4692.93,0.56212,0.545656
2024[Ni][nan]3[FSR]2,1611.363,0.936519,4.98863,9.13946,4551.24,0.61256,0.654082
2024[Ni][sql]2[FSR]1,1887.996,0.886769,4.07252,6.47966,4839.28,0.61874,0.697746
2024[Ni][sql]2[FSR]2,943.998,1.32559,2.34605,3.40263,4540.69,0.42172,0.318138
2024[Ni][sql]2[FSR]3,834.006,1.07192,4.71881,5.72823,4530,0.56402,0.526176
2024[Ni][sql]2[FSR]4,353,1.29964,3.73537,4.8104,4540.89,0.4431,0.340941
2024[Pr][sql]2[FSR]1,1064.734,1.48812,5.80075,7.21475,3449.01,0.5187,0.348561
2024[Sm][sql]2[FSR]1,1064.734,1.54337,5.78192,7.19965,3371.33,0.50782,0.329034
2024[Tb][nan]3[FSR]1,2277.132,1.34269,3.53289,4.92627,3713.8,0.52082,0.387892
2024[Tb][sql]2[FSR]1,1700.434,1.60953,5.68466,6.89087,3173.55,0.5086,0.315993
2024[Tb][tfz]3[FSR]1,4693.076,1.01079,8.8743,9.7381,2787.98,0.70794,0.700382
2024[Zn][bnn]3[FSR]1,765.36,1.32296,3.07198,4.63543,4357.98,0.45846,0.346542
2024[Zn][crb]3[FSR]1,3192.352,0.935738,5.03119,6.22847,4566.21,0.65682,0.701928
2024[Zn][crb]3[FSR]10,3192.352,0.935738,5.03152,6.23956,4566.74,0.6567,0.701799
2024[Zn][crb]3[FSR]11,3192.352,0.935738,5.01908,6.21809,4582.85,0.6555,0.700517
2024[Zn][crb]3[FSR]12,3192.352,0.935738,5.02076,6.20679,4581.77,0.65552,0.700538
2024[Zn][crb]3[FSR]13,3192.352,0.935738,5.01995,6.22311,4579.31,0.65568,0.700709
2024[Zn][crb]3[FSR]14,3192.352,0.935738,5.02946,6.22587,4567.9,0.65668,0.701778
2024[Zn][crb]3[FSR]15,3192.352,0.935738,5.03067,6.22493,4570.37,0.65638,0.701457
2024[Zn][crb]3[FSR]16,3192.352,0.935738,5.02102,6.20073,4583.4,0.65542,0.700431
2024[Zn][crb]3[FSR]2,3192.352,0.935738,5.0331,6.09129,4565.76,0.65616,0.701222
2024[Zn][crb]3[FSR]3,3192.352,0.935738,5.02281,6.2026,4583.6,0.65538,0.700389
2024[Zn][crb]3[FSR]4,3192.352,0.935738,5.08238,6.35017,4441.57,0.6645,0.710135
2024[Zn][crb]3[FSR]5,3192.352,0.935738,5.04233,6.08912,4562.91,0.65634,0.701415
2024[Zn][crb]3[FSR]6,3192.352,0.935738,5.01986,6.20574,4581.89,0.65548,0.700496
2024[Zn][crb]3[FSR]7,3192.352,0.935738,5.03032,6.21871,4572.07,0.65628,0.70135
2024[Zn][crb]3[FSR]8,3192.352,0.935738,5.07871,6.37155,4452.31,0.66402,0.709622
2024[Zn][crb]3[FSR]9,3192.352,0.935738,5.0342,6.24345,4564.02,0.65678,0.701885
2024[Zn][fsc]3[FSR]1,2478.328,0.819168,4.58114,6.73275,4412.95,0.66038,0.80616
2024[Zn][hex]3[FSR]1,4297.768,0.944033,4.32408,6.7635,4409.1,0.61876,0.655443
2024[Zn][nan]2[FSR]1,2434.302,1.05729,4.80121,6.33977,4454.35,0.56234,0.531867
2024[Zn][nan]3[FSR]1,1075.065,1.27551,3.69724,5.21591,4069.76,0.54344,0.426056
2024[Zn][nan]3[FSR]2,1075.065,1.27926,3.68652,5.1788,4081.83,0.54384,0.425122
2024[Zn][nia]3[FSR]1,2039.644,0.932478,4.38542,8.54294,4100.74,0.64152,0.687973
2024[Zn][pcu]3[FSR]1,4038.616,1.20753,2.78743,5.66731,4789.25,0.47828,0.396081
2024[Zn][pcu]3[FSR]2,1347.264,1.25743,4.86643,10.28808,3129.34,0.65188,0.518425
2024[Zn][pcu]3[FSR]3,6288.448,0.535109,8.91571,13.10273,4571.69,0.78862,1.47376
2024[Zn][pcu]3[FSR]4,12506.322,0.648133,9.45871,14.54859,4027.44,0.76164,1.17513
2024[Zn][pcu]3[FSR]5,8164.216,1.21926,4.69219,8.10628,4099.78,0.54112,0.44381
2024[Zn][scn]3[FSR]1,1579.8,1.04474,4.84141,6.79594,4018.49,0.61846,0.591977
2024[Zn][sql]2[FSR]1,2407.84,1.26246,3.75144,4.5346,4815.34,0.46174,0.365745
2024[Zn][sql]2[FSR]2,2471.836,1.32669,4.05284,4.80763,4607.92,0.4533,0.341678
2024[Zn][sql]2[FSR]3,2255.484,1.24597,3.9287,4.46768,5018.37,0.4553,0.365419
2024[Zn][sra]3[FSR]1,4103,1.00542,4.83588,7.28441,5076.51,0.55902,0.556007
2024[Zn][srs]3[FSR]1,974.124,1.49702,3.20073,3.6604,4298.83,0.46512,0.310697
2024[Zn][srs]3[FSR]2,974.124,1.50301,3.18435,3.56486,4261.77,0.45786,0.30463
2024[Zn][ths]3[FSR]1,906.406,1.23899,3.55129,4.49807,4763.15,0.48286,0.389721
