Serial,name,Density,PLD,LCD,GSA,Void_Fraction,Pore_Volume,UnitCell_MW_g_mol,score_test,label_test
79,c8ce00008e2_5_FSR_pacman,1.53156,2.6275,5.15579,4141,0.42076,0.274727,4946.848,0.148365012,1
10,am0c14648_si_002_ion_pacman,1.38842,2.8095,6.27254,4320.08,0.4801,0.345788,2653.493,0.146149732,1
76,c8ce00008e2_2_FSR_pacman,1.4658,2.54839,4.8381,4208.47,0.44506,0.303629,4891.16,0.145774355,1
230,ic801404p_si_001_FSR_pacman,1.28047,2.53121,4.93564,4665.44,0.44772,0.349652,1412.85,0.14486325,1
33,c5ce02367j2_2_ion_pacman,1.41836,3.48267,6.3908,4610.96,0.44308,0.312389,14107.096,0.144747871,1
98,c8ra02809e2_ion_pacman,1.50505,2.95617,4.03544,4532.4,0.39272,0.260936,7148.336,0.144701267,1
72,c8ce00008e2_10_FSR_pacman,1.51647,2.75625,5.8079,4013.92,0.44412,0.292865,3675.448,0.144109714,1
32,c5ce02367j2_1_FSR_pacman,1.45774,3.75882,6.31572,4186.24,0.45972,0.315364,19210.224,0.143900941,1
82,c8ce00008e2_8_FSR_pacman,1.50135,2.76803,5.43321,4055.7,0.4458,0.296932,3675.448,0.143594334,1
83,c8ce00008e2_9_FSR_pacman,1.42991,3.04127,4.87737,4252.21,0.45618,0.319027,4690.056,0.143400512,1
35,c5ce02367j2_3_FSR_pacman,1.49606,3.8256,6.28768,4071.5,0.45506,0.304173,14124.624,0.14096521,1
73,c8ce00008e2_11_FSR_pacman,1.4088,3.15704,5.12266,4185.49,0.47382,0.336328,3578.816,0.138166863,1
78,c8ce00008e2_4_FSR_pacman,1.40461,3.18151,5.1145,4194.31,0.47458,0.337873,3578.816,0.138008062,1
74,c8ce00008e2_13_FSR_pacman,1.50305,3.50956,5.19127,4019.83,0.44784,0.297955,4994.888,0.137054497,1
176,d0ce01197e2_1_FSR_pacman,1.71701,3.01811,4.49138,4013.7,0.40994,0.238752,1450.474,0.135233276,1
80,c8ce00008e2_6_FSR_pacman,1.48524,3.18765,4.88364,4042.3,0.4588,0.308907,4850.216,0.135198267,1
81,c8ce00008e2_7_FSR_pacman,1.4109,3.47193,5.51636,4087.69,0.4801,0.340278,3578.816,0.135155592,1
191,d1dt04077d2_FSR_pacman,1.36859,3.67834,4.0557,4516.03,0.44632,0.326116,1093.722,0.13514636,1
199,d2ce01552h2_2_FSR_pacman,1.64929,3.41696,5.61927,3884.58,0.40082,0.243025,6587.104,0.133657151,1
84,c8ce01015c2_17_ion_pacman,1.65586,2.27225,4.79127,3926.42,0.43264,0.261279,1762.414,0.13353349,1
75,c8ce00008e2_1_FSR_pacman,1.4001,3.1096,4.36812,4219.87,0.47456,0.338948,4690.056,0.132249983,1
99,c8ta09973a2_1_ASR_pacman,1.43929,3.42558,9.01028,3341.98,0.51182,0.355607,9521.364,0.132166061,1
100,c8ta09973a2_1_FSR_pacman,1.43929,3.42558,9.01028,3341.98,0.51182,0.355607,9521.364,0.132166061,1
9,am0c05512_si_001_FSR_pacman,1.14197,3.88073,10.07113,3167.9,0.5544,0.485478,3301.932,0.131365439,1
8,am0c05512_si_001_ASR_pacman,1.14197,3.88073,10.07113,3167.9,0.5544,0.485478,3301.932,0.131365439,1
77,c8ce00008e2_3_FSR_pacman,1.40033,3.54496,5.37584,4048.45,0.48868,0.348975,1789.408,0.129727753,1
52,c7ce01379e2_1_ion_pacman,1.35399,4.69557,6.06575,4424.58,0.48224,0.356163,1918.636,0.127513824,1
193,d1qm00211b2_2_FSR_pacman,1.29765,2.91736,5.97489,3795.09,0.49536,0.381738,5045.93,0.127278013,1
229,ic801404p_si_001_ASR_pacman,1.21516,2.53121,4.93564,4819.87,0.4709,0.38752,1340.79,0.127068419,1
97,c8ra02602e2_ion_pacman,1.37121,3.09489,5.05337,3998.47,0.4909,0.358005,2515.33,0.126328514,1
194,d1qm00211b2_3_FSR_pacman,1.30573,3.13696,5.85566,3758.87,0.49728,0.380844,5045.93,0.124733484,1
36,c5dt00480b2_3_ion_pacman,1.41256,4.51007,4.85912,4682.98,0.4159,0.294431,1092.816,0.121936529,1
195,d1qm00211b2_6_ion_pacman,1.54803,3.08545,6.01003,3458.21,0.462,0.298443,6126.984,0.121889686,1
251,ja7b01764_si_006_ASR_pacman,1.31986,4.69507,5.66865,4653.37,0.4636,0.35125,2342.236,0.12178256,1
252,ja7b01764_si_006_FSR_pacman,1.31986,4.69507,5.66865,4653.37,0.4636,0.35125,2342.236,0.12178256,1
233,ja0c02594_si_001_ASR_pacman,1.46358,2.95278,3.95127,4004.17,0.47128,0.322004,2520.088,0.121340119,1
234,ja0c02594_si_001_FSR_pacman,1.46358,2.95278,3.95127,4004.17,0.47128,0.322004,2520.088,0.121340119,1
166,cm9b03453_si_003_ion_pacman,1.39296,4.3034,6.00825,3922.27,0.50848,0.365037,2022.468,0.119946235,1
96,c8qi01394b2_1_FSR_pacman,1.73008,2.33772,4.05263,3786.21,0.43152,0.249422,1921.716,0.119014756,1
135,c9ta04842a2_ASR_pacman,1.15531,3.6762,5.37388,4585.92,0.5182,0.448536,2411.242,0.118735795,1
57,c7mh00716g2_ASR_pacman,1.31389,3.8927,4.57186,3995.46,0.49044,0.373274,2013.012,0.118472436,1
58,c7mh00716g2_FSR_pacman,1.31389,3.8927,4.57186,3995.46,0.49044,0.373274,2013.012,0.118472436,1
3,am0c02121_si_002_2_ion_pacman,1.6106,3.77609,5.08345,3608.82,0.4422,0.274556,1564.772,0.117775938,1
16,am8b20450_si_007_FSR_pacman,1.50492,5.12156,7.24861,3110.04,0.50484,0.335461,1199.946,0.117139227,1
207,d3ce00302g2_2_ASR_pacman,1.46491,3.8679,4.65983,3933.14,0.4863,0.331967,2891.496,0.116815998,1
208,d3ce00302g2_2_FSR_pacman,1.46491,3.8679,4.65983,3933.14,0.4863,0.331967,2891.496,0.116815998,1
198,d2ce00268j2_2_ASR_pacman,1.22697,5.04954,9.06027,4189.29,0.55488,0.452235,5968.792,0.11608477,1
188,d1cc03431f2_1_FSR_pacman,1.32243,2.64707,4.86189,3850.5,0.49786,0.376473,3768.128,0.115904942,1
53,c7ce01438d2_2_ASR_pacman,1.34214,3.60301,10.67679,3860.8,0.56904,0.423981,2013.096,0.115860399,1
54,c7ce01438d2_2_FSR_pacman,1.34214,3.60301,10.67679,3860.8,0.56904,0.423981,2013.096,0.115860399,1
236,ja0c05286_si_004_ion_pacman,1.08208,3.94376,7.40244,4738.88,0.52498,0.485157,3219.59,0.115210338,1
2,am0c02121_si_002_1_ion_pacman,1.58823,4.40283,5.38384,3600.39,0.44992,0.283284,1108.88,0.114785307,1
101,c8ta10610j2_3_ASR_pacman,1.1438,3.58019,4.93416,4334.45,0.52544,0.459382,1361.068,0.114753382,1
102,c8ta10610j2_3_FSR_pacman,1.1438,3.58019,4.93416,4334.45,0.52544,0.459382,1361.068,0.114753382,1
175,d0ce01197e2_1_ASR_pacman,1.54641,4.37879,5.62379,3750.57,0.4936,0.319191,1306.354,0.114031507,1
285,ja9b02417_si_003_FSR_pacman,1.06573,3.18488,8.34369,4006.22,0.56734,0.532347,2355.06,0.113953346,1
284,ja9b02417_si_003_ASR_pacman,1.06573,3.18488,8.34369,4006.22,0.56734,0.532347,2355.06,0.113953346,1
5,am0c02121_si_002_4_ion_pacman,1.61681,4.18293,5.25094,3555.93,0.4504,0.278573,1585.655,0.113780564,1
30,c5ce02140e2_4_FSR_pacman,1.55425,3.53082,4.66666,3672.06,0.46986,0.302307,754.578,0.113744631,1
95,c8qi01394b2_1_ASR_pacman,1.65303,2.67601,4.05263,3767.3,0.4581,0.277128,1793.724,0.113494252,1
167,d0cc03472j2_2_ASR_pacman,1.5636,5.40258,6.81956,3688.02,0.45864,0.293323,2366.396,0.113328242,1
168,d0cc03472j2_2_FSR_pacman,1.5636,5.40258,6.81956,3688.02,0.45864,0.293323,2366.396,0.113328242,1
4,am0c02121_si_002_3_ion_pacman,1.65838,3.01201,4.55854,3551.15,0.43438,0.261931,1108.88,0.112878886,1
15,am8b20450_si_006_FSR_pacman,1.38373,5.87507,7.89672,2922.56,0.54772,0.395829,1103.952,0.111571232,1
14,am8b20450_si_006_ASR_pacman,1.38373,5.87507,7.89672,2922.56,0.54772,0.395829,1103.952,0.111571232,1
148,cg501279y_si_002_2_ion_pacman,1.43606,5.58315,6.53052,4378.09,0.4099,0.285433,2951.614,0.111368492,1
92,c8nj05139a2_3_FSR_pacman,1.09776,3.64606,6.22976,4543.44,0.54634,0.497687,5787.032,0.110667067,1
7,am0c02121_si_002_6_ion_pacman,1.68869,3.64625,5.19447,3412.62,0.43628,0.258355,1108.88,0.110537991,1
20,c4ra13058h2_2_FSR_pacman,1.66772,3.29156,4.8373,3454.49,0.4307,0.258256,1709.68,0.110416844,1
19,c4ra13058h2_2_ASR_pacman,1.66772,3.29156,4.8373,3454.49,0.4307,0.258256,1709.68,0.110416844,1
180,d0dt00933d2_2_FSR_pacman,1.29623,3.86702,4.52349,4915.18,0.44408,0.342594,1979.248,0.109183337,1
170,d0cc03472j2_4_FSR_pacman,1.50281,5.46708,6.3923,3547.18,0.49628,0.330235,4428.24,0.107406489,1
169,d0cc03472j2_4_ASR_pacman,1.50281,5.46708,6.3923,3547.18,0.49628,0.330235,4428.24,0.107406489,1
6,am0c02121_si_002_5_ion_pacman,1.65346,4.15422,4.95473,3452.04,0.44392,0.26848,1108.88,0.107041952,1
200,d2dt00789d2_ASR_pacman,1.56259,2.8271,6.03866,3654.05,0.52292,0.334649,877.948,0.106418881,1
201,d2dt00789d2_FSR_pacman,1.56259,2.8271,6.03866,3654.05,0.52292,0.334649,877.948,0.106418881,1
149,cg501279y_si_002_5_ion_pacman,1.40745,5.82012,6.69705,4412.96,0.415,0.29486,2952.574,0.105732228,1
56,c7dt03363j2_2_FSR_pacman,1.21841,4.1057,5.61694,4258.16,0.54732,0.449208,1418.412,0.10512824,1
237,ja0c05286_si_008_ion_pacman,1.0718,4.35177,7.04479,4787.36,0.52674,0.491455,3219.59,0.104327805,1
182,d0dt03952g2_1_FSR_pacman,1.10872,3.71447,5.93891,4914.93,0.50028,0.451221,861.894,0.104132817,1
45,c6dt04433f2_FSR_pacman,1.50546,6.07369,7.71796,3618.74,0.52562,0.349142,9826.432,0.103480309,1
304,oc7b00328_si_004_FSR_pacman,1.44748,3.79468,5.55687,3451.03,0.52216,0.360737,3672.004,0.102644728,1
283,ja9b02417_si_002_FSR_pacman,1.14816,3.94924,7.29896,3685.65,0.57376,0.499721,1820.214,0.102071979,1
62,c7sc00449d2_6_FSR_pacman,1.54282,6.21393,7.50982,2849.2,0.5254,0.340546,3671.622,0.101695702,1
103,c8tc03356k2_2_FSR_pacman,1.50881,2.49377,4.44347,3427.22,0.46842,0.310456,2278.522,0.101513471,1
244,ja512137t_si_002_3_FSR_pacman,1.05929,3.45409,8.74664,3857.66,0.59122,0.558131,2353.884,0.10144816,1
243,ja512137t_si_002_3_ASR_pacman,1.05929,3.45409,8.74664,3857.66,0.59122,0.558131,2353.884,0.10144816,1
178,d0dt00794c2_2_ASR_pacman,1.17786,5.11422,6.61424,3981.38,0.55558,0.471686,4675.856,0.101444301,1
179,d0dt00794c2_2_FSR_pacman,1.17786,5.11422,6.61424,3981.38,0.55558,0.471686,4675.856,0.101444301,1
282,ja9b00913_si_002_FSR_pacman,1.28064,3.47878,5.23268,3672.06,0.52976,0.413667,5121.008,0.101096922,1
257,ja7b04532_si_004_FSR_pacman,1.3051,5.69426,6.93873,3659.97,0.54834,0.42015,5761.264,0.100248624,1
303,oc7b00328_si_004_ASR_pacman,1.42928,4.1006,5.55687,3389.77,0.53306,0.372958,3609.936,0.097185317,1
249,ja7b01764_si_005_ASR_pacman,1.27332,5.79828,6.45963,4672.76,0.4824,0.378852,2342.236,0.09636816,1
250,ja7b01764_si_005_FSR_pacman,1.27332,5.79828,6.45963,4672.76,0.4824,0.378852,2342.236,0.09636816,1
1,am0c01198_si_002_FSR_pacman,1.13209,4.46884,5.99272,4985.8,0.46792,0.413323,3036.072,0.094222207,1
241,ja512137t_si_002_2_ASR_pacman,1.06098,3.55042,8.76583,3840.65,0.60274,0.5681,2377.5,0.094088827,1
242,ja512137t_si_002_2_FSR_pacman,1.06098,3.55042,8.76583,3840.65,0.60274,0.5681,2377.5,0.094088827,1
256,ja7b04532_si_004_ASR_pacman,1.1582,5.76444,9.21345,3307.35,0.62602,0.54051,4820.128,0.093810112,1
44,c6dt04433f2_ASR_pacman,1.3766,6.24564,8.1141,3248.89,0.59538,0.4325,8985.336,0.092846941,1
203,d2qi01175a2_ASR_pacman,1.0764,4.03732,8.83567,3592.64,0.6117,0.568284,2408.196,0.091760489,1
204,d2qi01175a2_FSR_pacman,1.0764,4.03732,8.83567,3592.64,0.6117,0.568284,2408.196,0.091760489,1
34,c5ce02367j2_3_ASR_pacman,1.36322,6.63005,7.29832,3907.55,0.51796,0.379955,12395.184,0.090931668,1
31,c5ce02367j2_1_ASR_pacman,1.32651,6.71642,7.36648,3994.82,0.52228,0.393726,17480.784,0.088364936,1
118,c9dt04912f2_FSR_pacman,1.05575,4.53353,5.71758,4581.56,0.56026,0.530676,2099.096,0.087369099,1
117,c9dt04912f2_ASR_pacman,1.05575,4.53353,5.71758,4581.56,0.56026,0.530676,2099.096,0.087369099,1
88,c8dt01405a2_2_ASR_pacman,1.10099,3.72517,6.64119,4138.22,0.58938,0.535316,2452.944,0.087369049,1
89,c8dt01405a2_2_FSR_pacman,1.10099,3.72517,6.64119,4138.22,0.58938,0.535316,2452.944,0.087369049,1
215,d3sc00877k2_1_FSR_pacman,1.10854,4.89585,6.43035,4643.85,0.56078,0.505872,5488.256,0.08620043,1
214,d3sc00877k2_1_ASR_pacman,1.10854,4.89585,6.43035,4643.85,0.56078,0.505872,5488.256,0.08620043,1
121,c9nj03664d2_2_ASR_pacman,1.94638,3.36453,4.27044,3209.46,0.42488,0.218292,1561.188,0.086054286,1
238,ja205976v_si_004_ASR_pacman,1.40681,7.6745,8.85712,2623.34,0.55644,0.395532,3328.056,0.085978498,1
239,ja205976v_si_004_FSR_pacman,1.40681,7.6745,8.85712,2623.34,0.55644,0.395532,3328.056,0.085978498,1
29,c5ce02140e2_4_ASR_pacman,1.3971,3.53082,4.5731,3621.99,0.53834,0.385326,646.488,0.084148223,1
55,c7dt03363j2_2_ASR_pacman,1.15651,4.5311,5.84545,4116.38,0.57856,0.500262,1346.352,0.083607158,1
123,c9nj03664d2_3_ASR_pacman,1.96263,3.35269,4.2532,3184.39,0.41916,0.213571,1388.45,0.083318245,1
210,d3ce01078c2_6_FSR_pacman,1.41937,7.1593,8.11512,3809.55,0.5247,0.369672,4750.884,0.08260228,1
209,d3ce01078c2_6_ASR_pacman,1.41937,7.1593,8.11512,3809.55,0.5247,0.369672,4750.884,0.08260228,1
227,ic5b02108_si_002_6_ASR_pacman,1.24917,6.9202,7.01087,3157.58,0.58392,0.467445,1440.92,0.079983865,1
228,ic5b02108_si_002_6_FSR_pacman,1.24917,6.9202,7.01087,3157.58,0.58392,0.467445,1440.92,0.079983865,1
205,d2sc05192c2_ASR_pacman,1.29084,4.02108,7.57139,3040.72,0.60486,0.468578,7132.368,0.079794916,1
225,ic5b02108_si_002_5_ASR_pacman,1.25282,6.91477,7.00347,3140.17,0.58456,0.466594,1440.92,0.079749555,1
226,ic5b02108_si_002_5_FSR_pacman,1.25282,6.91477,7.00347,3140.17,0.58456,0.466594,1440.92,0.079749555,1
189,d1dt02587b2_2_ion_pacman,1.99242,2.72189,4.51371,3110.72,0.47838,0.240101,5129.472,0.079220026,1
223,ic5b02108_si_002_4_ASR_pacman,1.24502,6.96983,7.02216,3158.92,0.58526,0.470082,1440.92,0.078968336,1
224,ic5b02108_si_002_4_FSR_pacman,1.24502,6.96983,7.02216,3158.92,0.58526,0.470082,1440.92,0.078968336,1
172,d0ce00895h2_2_FSR_pacman,1.17022,4.62024,5.69686,4112.44,0.5817,0.497085,827.344,0.07864312,1
171,d0ce00895h2_2_ASR_pacman,1.17022,4.62024,5.69686,4112.44,0.5817,0.497085,827.344,0.07864312,1
125,c9nj03664d2_5_ASR_pacman,2.00696,3.35207,4.22884,3116.34,0.41768,0.208115,1561.188,0.077588243,1
59,c7nj01463e2_2_ASR_pacman,2.0031,3.34885,4.25631,3109.06,0.41524,0.207299,1561.188,0.077004983,1
116,c9dt00791a2_4_FSR_pacman,1.25175,6.53807,6.88724,4638.02,0.50112,0.400336,1171.118,0.076646667,1
115,c9dt00791a2_4_ASR_pacman,1.25175,6.53807,6.88724,4638.02,0.50112,0.400336,1171.118,0.076646667,1
173,d0ce01101k2_ASR_pacman,1.88802,2.59848,3.55728,3411.82,0.35104,0.18593,2192.976,0.076470643,1
46,c6qi00548a2_ASR_pacman,1.03097,6.05589,6.78911,4192.98,0.579,0.561604,1995.624,0.076146363,1
47,c6qi00548a2_FSR_pacman,1.03097,6.05589,6.78911,4192.98,0.579,0.561604,1995.624,0.076146363,1
122,c9nj03664d2_2_FSR_pacman,2.04787,3.36453,4.27044,3210.72,0.38534,0.188166,1705.308,0.075509567,1
119,c9nj03664d2_1_ASR_pacman,2.0267,3.34177,4.22929,3077.62,0.42026,0.207362,2832.588,0.075089927,1
202,d2dt02340g2_2_FSR_pacman,1.48619,4.40687,4.95592,2933.27,0.53998,0.363331,628.418,0.073360772,1
154,cg901128k_si_004_ion_pacman,1.99128,4.46613,5.23375,3285.49,0.36836,0.184986,1990.458,0.072747918,1
40,c6ce02146h2_1_ASR_pacman,1.00677,3.57208,6.09052,5052.18,0.52356,0.52004,3250.08,0.072662349,1
41,c6ce02146h2_1_FSR_pacman,1.00677,3.57208,6.09052,5052.18,0.52356,0.52004,3250.08,0.072662349,1
235,ja0c04450_si_003_FSR_pacman,1.01727,3.24672,6.05804,4878.83,0.56324,0.553677,3751.616,0.07252661,1
124,c9nj03664d2_3_FSR_pacman,2.06449,3.35269,4.18277,3230.55,0.37582,0.18204,1460.51,0.072418979,1
133,c9sc00178f2_8_FSR_pacman,0.94692,4.12327,10.08736,4228.86,0.63868,0.674481,1923.654,0.070779349,1
132,c9sc00178f2_8_ASR_pacman,0.94692,4.12327,10.08736,4228.86,0.63868,0.674481,1923.654,0.070779349,1
156,cm0c01737_si_004_75_FSR_pacman,1.24982,4.40446,4.54074,4296.91,0.57332,0.458722,604.494,0.070141493,1
155,cm0c01737_si_004_75_ASR_pacman,1.24982,4.40446,4.54074,4296.91,0.57332,0.458722,604.494,0.070141493,1
301,la4012839_si_002_ASR_pacman,1.00441,5.4718,11.28097,3568.92,0.67674,0.673767,11301.888,0.069556977,1
302,la4012839_si_002_FSR_pacman,1.00441,5.4718,11.28097,3568.92,0.67674,0.673767,11301.888,0.069556977,1
254,ja7b04532_si_002_FSR_pacman,0.996126,7.37756,14.79124,2908.87,0.70926,0.712018,1985.016,0.069003863,1
85,c8ce02122h2_ion_pacman,1.24137,2.70187,4.34167,5204.47,0.451,0.363308,2599.898,0.068973993,1
39,c5dt03091a2_3_FSR_pacman,0.9378,7.21319,13.22023,3297.81,0.70628,0.753124,14342.912,0.068919133,1
130,c9sc00178f2_2_ASR_pacman,0.920894,4.46726,10.50192,4206.65,0.64496,0.700363,1912.65,0.067889611,1
131,c9sc00178f2_2_FSR_pacman,0.920894,4.46726,10.50192,4206.65,0.64496,0.700363,1912.65,0.067889611,1
145,c9tc05996b2_5_FSR_pacman,2.28494,6.60292,8.31983,2616.62,0.4797,0.20994,5631.472,0.067024313,1
144,c9tc05996b2_5_ASR_pacman,2.28494,6.60292,8.31983,2616.62,0.4797,0.20994,5631.472,0.067024313,1
111,c9cc08206a2_2_FSR_pacman,1.78385,4.87076,5.58001,2628.18,0.49054,0.274989,3240.88,0.065573859,1
126,c9nj03664d2_5_FSR_pacman,2.10956,3.35207,4.18556,3163.5,0.37324,0.176928,1705.308,0.065297741,1
38,c5dt03091a2_2_FSR_pacman,0.941723,7.05673,13.1277,3276.1,0.70936,0.753257,8743.968,0.065277877,1
71,c8cc06593d2_1_FSR_pacman,1.072,3.42302,5.86271,3715.69,0.59456,0.554627,1626.546,0.064980562,1
152,cg900505v_si_004_ASR_pacman,2.33143,2.79211,4.53527,3290.55,0.34284,0.147051,2805.58,0.064142041,1
153,cg900505v_si_004_FSR_pacman,2.33143,2.79211,4.53527,3290.55,0.34284,0.147051,2805.58,0.064142041,1
120,c9nj03664d2_1_FSR_pacman,2.12982,3.34177,4.19329,3126.28,0.3773,0.177151,2976.708,0.063761159,1
174,d0ce01101k2_FSR_pacman,1.95006,2.59848,3.55728,3412.92,0.32494,0.166631,2265.036,0.062978212,1
60,c7nj01463e2_2_FSR_pacman,2.1055,3.34885,4.25631,3115.34,0.3747,0.177963,1705.308,0.062619518,1
142,c9tc05996b2_4_ASR_pacman,2.3188,6.58376,8.28576,2591.99,0.4726,0.203812,5631.472,0.06178666,1
143,c9tc05996b2_4_FSR_pacman,2.3188,6.58376,8.28576,2591.99,0.4726,0.203812,5631.472,0.06178666,1
164,cm501138g_si_007_FSR_pacman,0.961822,5.4089,11.15845,3770.38,0.678,0.704912,10542.672,0.061489757,1
163,cm501138g_si_005_FSR_pacman,0.967881,5.37904,10.98656,3765.15,0.67666,0.699115,10542.672,0.061420515,1
165,cm501138g_si_008_FSR_pacman,0.964074,5.40299,11.0376,3777.13,0.67716,0.702394,10542.672,0.061081605,1
90,c8dt03215g2_2_ASR_pacman,0.96161,5.45153,10.61906,4715.54,0.60448,0.628612,7096.29,0.059484618,1
91,c8dt03215g2_2_FSR_pacman,0.96161,5.45153,10.61906,4715.54,0.60448,0.628612,7096.29,0.059484618,1
157,cm0c01737_si_005_117_ASR_pacman,1.33062,4.42216,4.54354,4014.72,0.58206,0.437435,610.422,0.059269126,1
158,cm0c01737_si_005_117_FSR_pacman,1.33062,4.42216,4.54354,4014.72,0.58206,0.437435,610.422,0.059269126,1
150,cg900505v_si_002_ASR_pacman,2.3603,2.81593,4.4829,3281.6,0.3365,0.142567,2805.58,0.058965564,1
151,cg900505v_si_002_FSR_pacman,2.3603,2.81593,4.4829,3281.6,0.3365,0.142567,2805.58,0.058965564,1
13,am8b14118_si_002_FSR_pacman,0.959496,2.76751,13.39714,3571.16,0.65248,0.680024,4623.108,0.058756119,1
12,am8b14118_si_002_ASR_pacman,0.959496,2.76751,13.39714,3571.16,0.65248,0.680024,4623.108,0.058756119,1
162,cm0c01737_si_006_345_FSR_pacman,1.96988,2.9866,3.69031,2915.78,0.44448,0.225638,974.574,0.058357329,1
161,cm0c01737_si_006_345_ASR_pacman,1.96988,2.9866,3.69031,2915.78,0.44448,0.225638,974.574,0.058357329,1
110,c9cc08206a2_2_ASR_pacman,1.7134,5.52643,6.05033,2498.57,0.52184,0.304563,3112.888,0.054736364,1
37,c5dt03091a2_1_FSR_pacman,0.877341,7.45136,13.4706,3442.79,0.7207,0.821459,8743.968,0.054162437,1
181,d0dt03952g2_1_ASR_pacman,0.920669,4.87885,6.27801,4340.43,0.60928,0.66178,715.704,0.054070613,1
265,ja7b08632_si_004_ion_pacman,1.00814,4.54733,6.00751,4135.31,0.62052,0.61551,1502.77,0.049460071,1
160,cm0c01737_si_006_321_FSR_pacman,1.73607,3.11541,3.50889,2916.78,0.512,0.294918,974.574,0.048719283,1
159,cm0c01737_si_006_321_ASR_pacman,1.73607,3.11541,3.50889,2916.78,0.512,0.294918,974.574,0.048719283,1
49,c6ra03969c2_2_ASR_pacman,0.983721,4.28226,5.3579,5072.47,0.53804,0.546944,7130.32,0.047665825,1
50,c6ra03969c2_2_FSR_pacman,1.05961,4.28226,5.3579,5196.97,0.49916,0.471078,7715.08,0.046045975,1
87,c8dt00502h2_1_FSR_pacman,0.934706,6.40406,9.24152,4014.8,0.66054,0.706682,2468.464,0.045929855,1
86,c8dt00502h2_1_ASR_pacman,0.934706,6.40406,9.24152,4014.8,0.66054,0.706682,2468.464,0.045929855,1
140,c9tc05996b2_3_ASR_pacman,2.32031,6.86404,8.64029,2404.41,0.4984,0.214799,5817.532,0.045244577,1
141,c9tc05996b2_3_FSR_pacman,2.32031,6.86404,8.64029,2404.41,0.4984,0.214799,5817.532,0.045244577,1
186,d0sc03754k2_1_ASR_pacman,2.45582,5.30185,8.00246,2371.94,0.4788,0.194966,11775.368,0.042468225,1
187,d0sc03754k2_1_FSR_pacman,2.45582,5.30185,8.00246,2371.94,0.4788,0.194966,11775.368,0.042468225,1
136,c9tc05996b2_1_ASR_pacman,2.33073,6.96059,8.76913,2387.4,0.49916,0.214165,5817.532,0.042375709,1
137,c9tc05996b2_1_FSR_pacman,2.33073,6.96059,8.76913,2387.4,0.49916,0.214165,5817.532,0.042375709,1
138,c9tc05996b2_2_ASR_pacman,2.36158,6.85525,8.53426,2387.48,0.49304,0.208775,5817.532,0.039885113,1
139,c9tc05996b2_2_FSR_pacman,2.36158,6.85525,8.53426,2387.48,0.49304,0.208775,5817.532,0.039885113,1
61,c7nj04966h2_FSR_pacman,1.02369,3.71763,5.9901,4601.42,0.62624,0.611749,1812.104,0.036480682,1
192,d1qi00349f3_3_FSR_pacman,0.934367,6.3162,8.77465,4155.09,0.66016,0.706532,7040.112,0.036037812,1
114,c9dt00645a2_ASR_pacman,0.933074,5.13442,7.56653,4309.35,0.65256,0.699366,3974.984,0.031323641,1
108,c9cc00692c2_2_ASR_pacman,1.04167,5.7308,7.58847,3335.2,0.6708,0.643966,3763.564,0.031116987,1
109,c9cc00692c2_2_FSR_pacman,1.04167,5.7308,7.58847,3335.2,0.6708,0.643966,3763.564,0.031116987,1
107,c9cc00692c2_1_FSR_pacman,1.04355,5.71237,7.57291,3332.45,0.67068,0.642693,3763.564,0.031005109,1
106,c9cc00692c2_1_ASR_pacman,1.04355,5.71237,7.57291,3332.45,0.67068,0.642693,3763.564,0.031005109,1
246,ja7b00219_si_007_ASR_pacman,0.86138,8.04283,9.74012,3678.89,0.68712,0.797697,3271.704,0.024574813,1
247,ja7b00219_si_007_FSR_pacman,0.86138,8.04283,9.74012,3678.89,0.68712,0.797697,3271.704,0.024574813,1
298,ja9b11952_si_002_3_ion_pacman,1.09595,3.7049,5.33794,5273.84,0.53012,0.483708,1007.32,0.020932029,1
196,d2cc01506d2_ASR_pacman,1.03079,11.04548,11.54282,3528.69,0.64482,0.625558,3033.78,0.018384434,1
309,sc8b05524_si_002_ASR_pacman,0.550707,24.42917,29.55575,3155.22,0.81018,1.47116,7339.26,0.012139465,1
259,ja7b04532_si_005_FSR_pacman,0.800323,8.1262,10.97432,3650.89,0.72094,0.900812,6642.184,0.007936037,1
190,d1dt03249f2_ion_pacman,1.01012,7.61347,8.32959,4890.56,0.56484,0.559182,5493.646,0.005960589,1
177,d0ce01593h2_5_ASR_pacman,0.771514,6.51542,9.73283,4285.08,0.67736,0.877962,4569.906,0.00331842,1
300,ja9b12924_si_002_4_FSR_pacman,0.782706,4.4096,8.63844,4712.73,0.64694,0.826543,1781.268,0.002213275,1
299,ja9b12924_si_002_4_ASR_pacman,0.782706,4.4096,8.63844,4712.73,0.64694,0.826543,1781.268,0.002213275,1
197,d2cc01506d2_FSR_pacman,1.17769,11.29129,11.80907,3560.49,0.58126,0.493557,3466.14,0.002120037,1
220,ic502643m_si_008_ion_pacman,0.84467,7.00331,8.98627,3972.75,0.69468,0.822428,4432.84,0.002025846,1
128,c9qi01490j2_1_ASR_pacman,0.823086,9.93432,10.63033,4012.41,0.6858,0.833206,5401.836,-0.015450548,-1
129,c9qi01490j2_1_FSR_pacman,0.823086,9.93432,10.63033,4012.41,0.6858,0.833206,5401.836,-0.015450548,-1
275,ja7b09973_si_002_5_FSR_pacman,0.685614,9.78977,12.89181,3795.74,0.73524,1.07238,2260.916,-0.015523505,-1
258,ja7b04532_si_005_ASR_pacman,0.759131,8.1262,10.97432,3544.89,0.74078,0.975827,6157.816,-0.016896572,-1
297,ja9b11429_si_002_FSR_pacman,0.623695,9.40509,17.56744,3244.1,0.78866,1.2645,2482.218,-0.018971734,-1
11,am6b16264_si_002_ASR_pacman,0.723119,13.84408,14.93334,3535.18,0.74016,1.02357,3944.976,-0.019126382,-1
184,d0sc01796e2_3_FSR_pacman,0.445969,14.67916,24.68878,3562.28,0.84112,1.88605,7866.336,-0.021537319,-1
183,d0sc01796e2_3_ASR_pacman,0.445969,14.67916,24.68878,3562.28,0.84112,1.88605,7866.336,-0.021537319,-1
262,ja7b07612_si_002_FSR_pacman,1.11679,9.48008,9.65156,4626.47,0.53788,0.481629,1822.002,-0.023113502,-1
261,ja7b07612_si_002_ASR_pacman,1.11679,9.48008,9.65156,4626.47,0.53788,0.481629,1822.002,-0.023113502,-1
146,cg501231v_si_001_ASR_pacman,0.779611,7.18296,17.41634,4567.26,0.6908,0.886083,30511.872,-0.024561279,-1
147,cg501231v_si_001_FSR_pacman,0.779611,7.18296,17.41634,4567.26,0.6908,0.886083,30511.872,-0.024561279,-1
296,ja9b11429_si_002_ASR_pacman,0.606688,9.40509,17.56744,3382.65,0.79454,1.30963,2386.224,-0.024603261,-1
240,ja406844r_si_002_ASR_pacman,0.695127,8.4725,11.41819,3600.69,0.74098,1.06596,9011.52,-0.028832878,-1
271,ja7b09973_si_002_3_FSR_pacman,0.672427,8.93604,12.50897,3666.2,0.75144,1.1175,2148.7,-0.030718298,-1
277,ja7b09973_si_002_9_FSR_pacman,0.728984,7.18753,10.00263,3635.08,0.7301,1.00153,2140.732,-0.031658328,-1
112,c9ce01936g2_ASR_pacman,2.83735,2.77882,4.34006,2431.08,0.37758,0.133075,3330.788,-0.032545878,-1
274,ja7b09973_si_002_5_ASR_pacman,0.64191,11.20225,13.53825,3700,0.7539,1.17446,2116.796,-0.035931055,-1
260,ja7b05858_si_013_FSR_pacman,1.18997,10.16831,10.28794,4431.28,0.52472,0.440953,1995.846,-0.037675715,-1
269,ja7b09973_si_002_2_FSR_pacman,0.702268,7.61099,10.7361,3588.18,0.7438,1.05914,2208.664,-0.04175108,-1
273,ja7b09973_si_002_4_FSR_pacman,0.641768,10.05128,13.10264,3661.45,0.76122,1.18613,2140.732,-0.043127491,-1
134,c9sc00513g2_ASR_pacman,0.511504,9.46709,23.99374,3889.47,0.81118,1.58587,7720.212,-0.043297261,-1
212,d3dt01109g2_FSR_pacman,0.630937,10.86977,14.02264,3624.38,0.77674,1.23109,4113,-0.045109271,-1
127,c9nj05999g2_FSR_pacman,0.700561,6.27339,11.64886,4299.3,0.72452,1.0342,2644.98,-0.04590813,-1
113,c9ce01936g2_FSR_pacman,2.93863,2.4019,4.34006,2450.21,0.35046,0.11926,3490.778,-0.050247128,-1
276,ja7b09973_si_002_9_ASR_pacman,0.679907,8.00613,11.01063,3507.05,0.7511,1.10471,1996.612,-0.05264746,-1
253,ja7b04532_si_002_ASR_pacman,0.83887,7.37756,16.49393,2603.17,0.7771,0.926365,1473.048,-0.052723292,-1
211,d3dt01109g2_ASR_pacman,0.586721,10.86986,15.50623,3476.94,0.7966,1.35772,3824.76,-0.05592461,-1
43,c6ce02384c2_3_FSR_pacman,0.737166,5.40404,6.21263,4617.09,0.66994,0.908805,1335.144,-0.061311286,-1
42,c6ce02384c2_3_ASR_pacman,0.737166,5.40404,6.21263,4617.09,0.66994,0.908805,1335.144,-0.061311286,-1
287,ja9b04737_si_006_FSR_pacman,0.980555,13.44814,13.97389,2691.39,0.7489,0.763751,2786.104,-0.063852469,-1
94,c8qi00652k2_FSR_pacman,0.708666,5.59612,10.96463,3643.11,0.75556,1.06617,7014.624,-0.064843212,-1
93,c8qi00652k2_ASR_pacman,0.675906,5.59612,13.49318,3495.76,0.7708,1.1404,6690.354,-0.065158018,-1
268,ja7b09973_si_002_2_ASR_pacman,0.656444,8.05787,11.5693,3460.46,0.76304,1.16238,2064.544,-0.067275233,-1
270,ja7b09973_si_002_3_ASR_pacman,0.627326,10.54436,12.50897,3540.52,0.77002,1.22746,2004.58,-0.06810791,-1
272,ja7b09973_si_002_4_ASR_pacman,0.598562,11.48045,13.67593,3538.05,0.7798,1.30279,1996.612,-0.068795885,-1
281,ja8b07411_si_002_ASR_pacman,0.627326,10.57026,12.47863,3490.92,0.77032,1.22794,2004.58,-0.068927649,-1
278,ja8b04277_si_006_ASR_pacman,0.527882,11.80087,17.23699,3910.47,0.7938,1.50375,5050.334,-0.069401001,-1
65,c7tc03863a2_ASR_pacman,3.03144,1.8481,3.35174,2288.84,0.3949,0.130268,1489.012,-0.073027891,-1
66,c7tc03863a2_FSR_pacman,3.03144,1.8481,3.35174,2288.84,0.3949,0.130268,1489.012,-0.073027891,-1
18,ao9b01356_si_002_FSR_pacman,3.16866,2.58196,4.7332,2096.51,0.44344,0.139946,2057.788,-0.075419433,-1
17,ao9b01356_si_002_ASR_pacman,3.16866,2.58196,4.7332,2096.51,0.44344,0.139946,2057.788,-0.075419433,-1
267,ja7b09973_si_002_1_FSR_pacman,0.641073,7.40538,11.53674,3647.68,0.76202,1.18866,2080.672,-0.078198325,-1
290,ja9b10501_si_009_ASR_pacman,0.661392,7.07753,9.69504,4273.62,0.72038,1.08919,4523.848,-0.081759424,-1
291,ja9b10501_si_009_FSR_pacman,0.661392,7.07753,9.69504,4273.62,0.72038,1.08919,4523.848,-0.081759424,-1
23,c5cc10203k2_3_ASR_pacman,0.616132,6.79961,16.09688,4406.38,0.7496,1.21662,3198.216,-0.08945285,-1
24,c5cc10203k2_3_FSR_pacman,0.616132,6.79961,16.09688,4406.38,0.7496,1.21662,3198.216,-0.08945285,-1
218,el9b00088_si_004_ASR_pacman,0.902144,17.57553,19.17744,3273.63,0.7062,0.782802,9980.118,-0.089953477,-1
266,ja7b09973_si_002_1_ASR_pacman,0.618871,7.88256,11.93536,3579.36,0.77118,1.24611,2008.612,-0.091484027,-1
27,c5cc10203k2_5_ASR_pacman,0.608079,6.94786,16.16992,4424.36,0.7499,1.23323,3471.888,-0.095751628,-1
28,c5cc10203k2_5_FSR_pacman,0.608079,6.94786,16.16992,4424.36,0.7499,1.23323,3471.888,-0.095751628,-1
64,c7ta09699b2_3_ASR_pacman,0.613258,8.97051,12.52851,3658.22,0.78652,1.28253,2291.814,-0.096591333,-1
308,sc8b04783_si_005_FSR_pacman,0.658979,5.4655,11.22564,4547.97,0.72672,1.1028,6473.49,-0.09859982,-1
307,sc8b04783_si_005_ASR_pacman,0.658979,5.4655,11.22564,4547.97,0.72672,1.1028,6473.49,-0.09859982,-1
222,ic5b00535_si_002_FSR_pacman,0.598191,5.59619,17.8828,4379.62,0.74584,1.24683,12631.2,-0.098745607,-1
221,ic5b00535_si_002_ASR_pacman,0.598191,5.59619,17.8828,4379.62,0.74584,1.24683,12631.2,-0.098745607,-1
216,d3ta04490d2_5_ASR_pacman,0.625695,8.01133,11.18633,4423.81,0.72378,1.15676,6253.704,-0.104074603,-1
217,d3ta04490d2_5_FSR_pacman,0.625695,8.01133,11.18633,4423.81,0.72378,1.15676,6253.704,-0.104074603,-1
286,ja9b04737_si_006_ASR_pacman,0.936069,13.88236,14.9114,2505.47,0.77016,0.82276,2530.12,-0.108711255,-1
293,ja9b10501_si_011_FSR_pacman,0.632645,6.87297,10.41078,4453.58,0.72454,1.14525,4523.576,-0.108928244,-1
292,ja9b10501_si_011_ASR_pacman,0.632645,6.87297,10.41078,4453.58,0.72454,1.14525,4523.576,-0.108928244,-1
232,ja0c00805_si_002_FSR_pacman,0.618445,5.37125,12.07371,4065.94,0.75486,1.22058,5953.11,-0.109031569,-1
306,sc8b04783_si_003_FSR_pacman,0.623771,5.38751,11.75758,4170.59,0.75544,1.21109,6004.374,-0.116537037,-1
231,ja0c00805_si_002_ASR_pacman,0.584758,5.37125,14.04663,3976.07,0.76814,1.3136,5628.84,-0.12235992,-1
279,ja8b04277_si_008_ASR_pacman,0.546975,6.37731,16.56624,3966.62,0.78562,1.4363,2669.296,-0.129206102,-1
280,ja8b04277_si_008_FSR_pacman,0.546975,6.37731,16.56624,3966.62,0.78562,1.4363,2669.296,-0.129206102,-1
105,c9cc00206e2_FSR_pacman,0.605138,20.98496,21.47802,4294.56,0.74914,1.23797,2159.918,-0.130191876,-1
104,c9cc00206e2_ASR_pacman,0.605138,20.98496,21.47802,4294.56,0.74914,1.23797,2159.918,-0.130191876,-1
248,ja7b01559_si_002_FSR_pacman,0.595244,5.45549,11.90339,4149.32,0.75864,1.2745,5737.23,-0.137164866,-1
305,sc8b04783_si_002_FSR_pacman,0.603307,5.40588,11.90372,4248.26,0.75908,1.2582,5788.494,-0.139633598,-1
294,ja9b10501_si_013_ASR_pacman,0.615117,7.02443,10.58922,4577.54,0.73168,1.1895,4507.8,-0.142306457,-1
295,ja9b10501_si_013_FSR_pacman,0.615117,7.02443,10.58922,4577.54,0.73168,1.1895,4507.8,-0.142306457,-1
26,c5cc10203k2_4_FSR_pacman,0.580972,7.16155,16.33091,4597.95,0.75104,1.29273,3198.216,-0.143191814,-1
25,c5cc10203k2_4_ASR_pacman,0.580972,7.16155,16.33091,4597.95,0.75104,1.29273,3198.216,-0.143191814,-1
255,ja7b04532_si_003_ASR_pacman,0.626623,6.56223,9.76421,3643.93,0.77978,1.24442,8516.688,-0.150162095,-1
206,d3cc01831h2_ASR_pacman,0.399548,11.96002,29.20524,3640.36,0.85318,2.13536,51137.712,-0.158144083,-1
21,c5cc10203k2_2_ASR_pacman,0.573018,7.17077,16.32685,4681.28,0.75092,1.31047,3198.216,-0.165530528,-1
22,c5cc10203k2_2_FSR_pacman,0.573018,7.17077,16.32685,4681.28,0.75092,1.31047,3198.216,-0.165530528,-1
213,d3nj03470d2_2_ASR_pacman,0.589618,6.68369,9.51532,4180.88,0.76008,1.28911,7457.52,-0.172256418,-1
68,c8cc02847h2_1_FSR_pacman,0.617909,5.04723,10.15649,4455.48,0.75946,1.22908,2507.888,-0.172601616,-1
67,c8cc02847h2_1_ASR_pacman,0.617909,5.04723,10.15649,4455.48,0.75946,1.22908,2507.888,-0.172601616,-1
51,c6sc03288e2_ASR_pacman,0.654077,10.73232,25.42076,2443.93,0.8347,1.27615,9929.568,-0.181698842,-1
70,c8cc02847h2_2_FSR_pacman,0.610439,5.04356,10.30451,4508.73,0.76068,1.24612,2507.888,-0.183402201,-1
69,c8cc02847h2_2_ASR_pacman,0.610439,5.04356,10.30451,4508.73,0.76068,1.24612,2507.888,-0.183402201,-1
48,c6qi00616g2_ASR_pacman,0.534545,12.51364,15.62831,4464.23,0.78224,1.46338,22963.824,-0.183523915,-1
289,ja9b10501_si_003_FSR_pacman,0.580787,8.26545,9.71094,4524,0.7415,1.27672,4291.968,-0.189619086,-1
288,ja9b10501_si_003_ASR_pacman,0.580787,8.26545,9.71094,4524,0.7415,1.27672,4291.968,-0.189619086,-1
219,el9b00088_si_004_FSR_pacman,1.04553,17.57553,19.17744,3705.47,0.62762,0.600291,11566.314,-0.197359515,-1
185,d0sc03727c2_3_ASR_pacman,0.479239,6.69521,15.16665,4238.79,0.81258,1.69556,2206.962,-0.280698204,-1
63,c7ta09699b2_1_ASR_pacman,0.443426,11.0485,13.04059,4406.27,0.81052,1.82786,1473.282,-0.341475972,-1
245,ja6b01663_si_003_ASR_pacman,0.319125,19.64511,27.62636,4090.33,0.87054,2.7279,7047.384,-0.434344826,-1
263,ja7b08347_si_005_ASR_pacman,0.346669,8.66056,28.66527,4222.04,0.86894,2.50654,24358.88,-0.456885441,-1
264,ja7b08347_si_005_FSR_pacman,0.346669,8.66056,28.66527,4222.04,0.86894,2.50654,24358.88,-0.456885441,-1
